Time(sec),Load
0.0,0.1047
60.0,0.1518
120.0,0.1493
180.0,0.1832
240.0,0.1648
300.0,0.1682
360.0,0.1265
420.0,0.1742
480.0,0.1722
540.0,0.1122
600.0,0.1703
660.0,0.154
720.0,0.1232
780.0,0.1645
840.0,0.146
900.0,0.1668
960.0,0.1682
1020.0,0.1635
1080.0,0.184
1140.0,0.1682
1200.0,0.1662
1260.0,0.162
1320.0,0.138
1380.0,0.135
1440.0,0.1368
1500.0,0.14300000000000002
1560.0,0.1567
1620.0,0.1595
1680.0,0.1857
1740.0,0.1807
1800.0,0.1423
1860.0,0.1263
1920.0,0.1412
1980.0,0.1467
2040.0,0.1525
2100.0,0.1313
2160.0,0.1462
2220.0,0.1493
2280.0,0.1663
2340.0,0.1498
2400.0,0.1517
2460.0,0.1232
2520.0,0.1163
2580.0,0.184
2640.0,0.1405
2700.0,0.1395
2760.0,0.1818
2820.0,0.174
2880.0,0.1087
2940.0,0.1347
3000.0,0.154
3060.0,0.1217
3120.0,0.1937
3180.0,0.1773
3240.0,0.1473
3300.0,0.1178
3360.0,0.1573
3420.0,0.154
3480.0,0.1577
3540.0,0.1268
3600.0,0.1472
3660.0,0.1635
3720.0,0.1418
3780.0,0.1143
3840.0,0.1617
3900.0,0.1465
3960.0,0.1158
4020.0,0.14800000000000002
4080.0,0.1332
4140.0,0.1622
4200.0,0.177
4260.0,0.1592
4320.0,0.1615
4380.0,0.1505
4440.0,0.139
4500.0,0.1112
4560.0,0.1565
4620.0,0.1428
4680.0,0.1203
4740.0,0.1392
4800.0,0.1517
4860.0,0.1482
4920.0,0.1603
4980.0,0.1678
5040.0,0.1707
5100.0,0.1733
5160.0,0.1555
5220.0,0.17
5280.0,0.1758
5340.0,0.1212
5400.0,0.1505
5460.0,0.1802
5520.0,0.1255
5580.0,0.1423
5640.0,0.1238
5700.0,0.1405
5760.0,0.1598
5820.0,0.1635
5880.0,0.1198
5940.0,0.1478
6000.0,0.1712
6060.0,0.1465
6120.0,0.1452
6180.0,0.1357
6240.0,0.1585
6300.0,0.152
6360.0,0.1988
6420.0,0.1872
6480.0,0.1715
6540.0,0.1532
6600.0,0.1418
6660.0,0.1748
6720.0,0.1767
6780.0,0.1522
6840.0,0.1505
6900.0,0.1263
6960.0,0.1252
7020.0,0.1227
7080.0,0.1813
7140.0,0.154
7200.0,0.1453
7260.0,0.1763
7320.0,0.1708
7380.0,0.1457
7440.0,0.1505
7500.0,0.1543
7560.0,0.1398
7620.0,0.187
7680.0,0.1963
7740.0,0.185
7800.0,0.2022
7860.0,0.2575
7920.0,0.1617
7980.0,0.1782
8040.0,0.1343
8100.0,0.1758
8160.0,0.2063
8220.0,0.1327
8280.0,0.1393
8340.0,0.126
8400.0,0.1682
8460.0,0.1707
8520.0,0.125
8580.0,0.1527
8640.0,0.098
8700.0,0.1362
8760.0,0.1513
8820.0,0.1628
8880.0,0.1458
8940.0,0.147
9000.0,0.1558
9060.0,0.1895
9120.0,0.14800000000000002
9180.0,0.1603
9240.0,0.1192
9300.0,0.1492
9360.0,0.142
9420.0,0.1688
9480.0,0.1678
9540.0,0.1313
9600.0,0.1467
9660.0,0.1335
9720.0,0.1428
9780.0,0.1538
9840.0,0.1232
9900.0,0.1162
9960.0,0.1803
10020.0,0.1775
10080.0,0.1535
10140.0,0.16699999999999998
10200.0,0.1503
10260.0,0.1348
10320.0,0.1475
10380.0,0.1657
10440.0,0.1375
10500.0,0.1357
10560.0,0.1232
10620.0,0.1537
10680.0,0.1732
10740.0,0.1527
10800.0,0.155
10860.0,0.1508
10920.0,0.1493
10980.0,0.1483
11040.0,0.1367
11100.0,0.1703
11160.0,0.1843
11220.0,0.1828
11280.0,0.1228
11340.0,0.1543
11400.0,0.1543
11460.0,0.1315
11520.0,0.1632
11580.0,0.1442
11640.0,0.1593
11700.0,0.1788
11760.0,0.1742
11820.0,0.1917
11880.0,0.1592
11940.0,0.1365
12000.0,0.1478
12060.0,0.168
12120.0,0.1402
12180.0,0.1765
12240.0,0.1625
12300.0,0.1245
12360.0,0.1625
12420.0,0.165
12480.0,0.179
12540.0,0.15
12600.0,0.1385
12660.0,0.2027
12720.0,0.1483
12780.0,0.1657
12840.0,0.1648
12900.0,0.152
12960.0,0.1425
13020.0,0.1757
13080.0,0.1825
13140.0,0.1283
13200.0,0.1325
13260.0,0.1487
13320.0,0.1323
13380.0,0.18100000000000002
13440.0,0.1495
13500.0,0.1523
13560.0,0.1628
13620.0,0.183
13680.0,0.17
13740.0,0.1998
13800.0,0.1755
13860.0,0.1458
13920.0,0.1472
13980.0,0.1932
14040.0,0.1653
14100.0,0.147
14160.0,0.1575
14220.0,0.1535
14280.0,0.1708
14340.0,0.1472
14400.0,0.1225
14460.0,0.15
14520.0,0.1867
14580.0,0.1633
14640.0,0.1772
14700.0,0.1685
14760.0,0.159
14820.0,0.1443
14880.0,0.1637
14940.0,0.1505
15000.0,0.1702
15060.0,0.1657
15120.0,0.1478
15180.0,0.1693
15240.0,0.1355
15300.0,0.1672
15360.0,0.2188
15420.0,0.1905
15480.0,0.163
15540.0,0.156
15600.0,0.1582
15660.0,0.1658
15720.0,0.1923
15780.0,0.1933
15840.0,0.1887
15900.0,0.13
15960.0,0.1427
16020.0,0.1577
16080.0,0.1608
16140.0,0.141
16200.0,0.1557
16260.0,0.1452
16320.0,0.16
16380.0,0.1728
16440.0,0.128
16500.0,0.1413
16560.0,0.1667
16620.0,0.1708
16680.0,0.1703
16740.0,0.1587
16800.0,0.1647
16860.0,0.1413
16920.0,0.1422
16980.0,0.1365
17040.0,0.1513
17100.0,0.1573
17160.0,0.1678
17220.0,0.1833
17280.0,0.145
17340.0,0.1495
17400.0,0.1437
17460.0,0.1538
17520.0,0.1485
17580.0,0.1928
17640.0,0.1912
17700.0,0.1445
17760.0,0.1347
17820.0,0.1598
17880.0,0.1748
17940.0,0.1692
18000.0,0.1228
18060.0,0.1707
18120.0,0.1603
18180.0,0.1502
18240.0,0.1188
18300.0,0.1455
18360.0,0.1835
18420.0,0.16399999999999998
18480.0,0.177
18540.0,0.147
18600.0,0.1705
18660.0,0.127
18720.0,0.1262
18780.0,0.1427
18840.0,0.1572
18900.0,0.157
18960.0,0.1657
19020.0,0.1905
19080.0,0.1533
19140.0,0.1227
19200.0,0.1788
19260.0,0.1493
19320.0,0.1655
19380.0,0.1548
19440.0,0.12300000000000001
19500.0,0.1505
19560.0,0.1735
19620.0,0.1685
19680.0,0.1757
19740.0,0.125
19800.0,0.1292
19860.0,0.14300000000000002
19920.0,0.1487
19980.0,0.1715
20040.0,0.1857
20100.0,0.1597
20160.0,0.1867
20220.0,0.1337
20280.0,0.1663
20340.0,0.1758
20400.0,0.149
20460.0,0.1507
20520.0,0.1507
20580.0,0.1798
20640.0,0.1665
20700.0,0.1733
20760.0,0.21
20820.0,0.151
20880.0,0.171
20940.0,0.21899999999999997
21000.0,0.1633
21060.0,0.1145
21120.0,0.2123
21180.0,0.1537
21240.0,0.1713
21300.0,0.1598
21360.0,0.1385
21420.0,0.1767
21480.0,0.1793
21540.0,0.1332
21600.0,0.1698
21660.0,0.1772
21720.0,0.1943
21780.0,0.1707
21840.0,0.1612
21900.0,0.1252
21960.0,0.1393
22020.0,0.17300000000000001
22080.0,0.179
22140.0,0.1842
22200.0,0.1572
22260.0,0.1602
22320.0,0.1318
22380.0,0.1755
22440.0,0.1418
22500.0,0.1602
22560.0,0.1837
22620.0,0.1405
22680.0,0.1508
22740.0,0.1665
22800.0,0.1552
22860.0,0.1412
22920.0,0.1903
22980.0,0.1277
23040.0,0.1605
23100.0,0.1728
23160.0,0.14400000000000002
23220.0,0.1495
23280.0,0.1552
23340.0,0.1577
23400.0,0.1563
23460.0,0.1253
23520.0,0.1452
23580.0,0.1687
23640.0,0.142
23700.0,0.1453
23760.0,0.1652
23820.0,0.1665
23880.0,0.1855
23940.0,0.1283
24000.0,0.1937
24060.0,0.1428
24120.0,0.1758
24180.0,0.1522
24240.0,0.15
24300.0,0.1328
24360.0,0.1695
24420.0,0.2033
24480.0,0.149
24540.0,0.1065
24600.0,0.1528
24660.0,0.1487
24720.0,0.1813
24780.0,0.1407
24840.0,0.1655
24900.0,0.1777
24960.0,0.1238
25020.0,0.1522
25080.0,0.1467
25140.0,0.138
25200.0,0.1372
25260.0,0.1588
25320.0,0.1625
25380.0,0.1792
25440.0,0.1765
25500.0,0.1697
25560.0,0.1565
25620.0,0.16
25680.0,0.1568
25740.0,0.1895
25800.0,0.14400000000000002
25860.0,0.1448
25920.0,0.1678
25980.0,0.1695
26040.0,0.1583
26100.0,0.1522
26160.0,0.1695
26220.0,0.1858
26280.0,0.2797
26340.0,0.2755
26400.0,0.2532
26460.0,0.2427
26520.0,0.187
26580.0,0.1877
26640.0,0.156
26700.0,0.1208
26760.0,0.1365
26820.0,0.1552
26880.0,0.1497
26940.0,0.1473
27000.0,0.161
27060.0,0.1457
27120.0,0.1332
27180.0,0.1128
27240.0,0.1442
27300.0,0.1628
27360.0,0.1383
27420.0,0.1975
27480.0,0.1677
27540.0,0.127
27600.0,0.1803
27660.0,0.1405
27720.0,0.1512
27780.0,0.1435
27840.0,0.1587
27900.0,0.1545
27960.0,0.1657
28020.0,0.1815
28080.0,0.14400000000000002
28140.0,0.1452
28200.0,0.1127
28260.0,0.1225
28320.0,0.1803
28380.0,0.1897
28440.0,0.1782
28500.0,0.1797
28560.0,0.1668
28620.0,0.1543
28680.0,0.14400000000000002
28740.0,0.138
28800.0,0.1503
28860.0,0.1678
28920.0,0.1575
28980.0,0.153
29040.0,0.159
29100.0,0.1443
29160.0,0.122
29220.0,0.1467
29280.0,0.16899999999999998
29340.0,0.1565
29400.0,0.1268
29460.0,0.1352
29520.0,0.1677
29580.0,0.1425
29640.0,0.1368
29700.0,0.1568
29760.0,0.1482
29820.0,0.2192
29880.0,0.2698
29940.0,0.2787
30000.0,0.3098
30060.0,0.3053
30120.0,0.2967
30180.0,0.2583
30240.0,0.2697
30300.0,0.21
30360.0,0.2183
30420.0,0.1897
30480.0,0.1842
30540.0,0.1687
30600.0,0.20199999999999999
30660.0,0.19699999999999998
30720.0,0.2125
30780.0,0.2497
30840.0,0.294
30900.0,0.262
30960.0,0.3007
31020.0,0.2695
31080.0,0.2333
31140.0,0.2235
31200.0,0.2307
31260.0,0.1815
31320.0,0.1445
31380.0,0.172
31440.0,0.1575
31500.0,0.2145
31560.0,0.1913
31620.0,0.1523
31680.0,0.1477
31740.0,0.1295
31800.0,0.1613
31860.0,0.2158
31920.0,0.2547
31980.0,0.1385
32040.0,0.1342
32100.0,0.1483
32160.0,0.1292
32220.0,0.126
32280.0,0.1153
32340.0,0.1103
32400.0,0.1483
32460.0,0.1397
32520.0,0.139
32580.0,0.136
32640.0,0.1497
32700.0,0.1627
32760.0,0.1102
32820.0,0.1432
32880.0,0.1102
32940.0,0.3048
33000.0,0.1615
33060.0,0.1353
33120.0,0.1313
33180.0,0.152
33240.0,0.1292
33300.0,0.1485
33360.0,0.1355
33420.0,0.157
33480.0,0.1658
33540.0,0.1452
33600.0,0.1532
33660.0,0.1812
33720.0,0.17800000000000002
33780.0,0.1538
33840.0,0.1418
33900.0,0.1653
33960.0,0.1302
34020.0,0.14400000000000002
34080.0,0.1512
34140.0,0.1382
34200.0,0.1572
34260.0,0.1715
34320.0,0.1413
34380.0,0.1205
34440.0,0.1043
34500.0,0.1143
34560.0,0.1698
34620.0,0.1072
34680.0,0.1488
34740.0,0.1308
34800.0,0.1517
34860.0,0.1458
34920.0,0.1218
34980.0,0.1215
35040.0,0.1407
35100.0,0.1578
35160.0,0.1673
35220.0,0.1817
35280.0,0.1882
35340.0,0.1573
35400.0,0.1428
35460.0,0.1062
35520.0,0.1393
35580.0,0.1568
35640.0,0.1698
35700.0,0.1167
35760.0,0.1455
35820.0,0.1453
35880.0,0.126
35940.0,0.1263
36000.0,0.1518
36060.0,0.1035
36120.0,0.1423
36180.0,0.1193
36240.0,0.1425
36300.0,0.1273
36360.0,0.1545
36420.0,0.1248
36480.0,0.0917
36540.0,0.1268
36600.0,0.128
36660.0,0.1257
36720.0,0.1353
36780.0,0.1403
36840.0,0.1162
36900.0,0.1502
36960.0,0.1595
37020.0,0.166
37080.0,0.1363
37140.0,0.1063
37200.0,0.1402
37260.0,0.1568
37320.0,0.1495
37380.0,0.156
37440.0,0.1302
37500.0,0.1405
37560.0,0.1298
37620.0,0.125
37680.0,0.1305
37740.0,0.1035
37800.0,0.1235
37860.0,0.1138
37920.0,0.13
37980.0,0.11900000000000001
38040.0,0.1353
38100.0,0.1538
38160.0,0.1358
38220.0,0.0935
38280.0,0.124
38340.0,0.1163
38400.0,0.1403
38460.0,0.1363
38520.0,0.1308
38580.0,0.1445
38640.0,0.1485
38700.0,0.1397
38760.0,0.1432
38820.0,0.1392
38880.0,0.1232
38940.0,0.1347
39000.0,0.1585
39060.0,0.1335
39120.0,0.1602
39180.0,0.1205
39240.0,0.1348
39300.0,0.139
39360.0,0.1677
39420.0,0.1407
39480.0,0.1235
39540.0,0.1467
39600.0,0.1352
39660.0,0.1742
39720.0,0.1343
39780.0,0.1312
39840.0,0.1523
39900.0,0.1365
39960.0,0.0917
40020.0,0.115
40080.0,0.1262
40140.0,0.1432
40200.0,0.0905
40260.0,0.1558
40320.0,0.1437
40380.0,0.1437
40440.0,0.1478
40500.0,0.1385
40560.0,0.1445
40620.0,0.1307
40680.0,0.1453
40740.0,0.1418
40800.0,0.136
40860.0,0.1447
40920.0,0.1352
40980.0,0.1457
41040.0,0.1172
41100.0,0.098
41160.0,0.1615
41220.0,0.1192
41280.0,0.1098
41340.0,0.1337
41400.0,0.1335
41460.0,0.1493
41520.0,0.1323
41580.0,0.1685
41640.0,0.1557
41700.0,0.1628
41760.0,0.132
41820.0,0.0882
41880.0,0.0918
41940.0,0.1243
42000.0,0.1303
42060.0,0.1115
42120.0,0.1173
42180.0,0.1432
42240.0,0.1402
42300.0,0.1575
42360.0,0.1328
42420.0,0.1505
42480.0,0.1345
42540.0,0.1265
42600.0,0.1475
42660.0,0.122
42720.0,0.1493
42780.0,0.1158
42840.0,0.14300000000000002
42900.0,0.1493
42960.0,0.1447
43020.0,0.1302
43080.0,0.1068
43140.0,0.1242
43200.0,0.1063
43260.0,0.0975
43320.0,0.0
43380.0,0.1418
43440.0,0.1253
43500.0,0.1198
43560.0,0.1132
43620.0,0.11699999999999999
43680.0,0.1525
43740.0,0.129
43800.0,0.0775
43860.0,0.1118
43920.0,0.1035
43980.0,0.1217
44040.0,0.1252
44100.0,0.0955
44160.0,0.1362
44220.0,0.1375
44280.0,0.11599999999999999
44340.0,0.1202
44400.0,0.1012
44460.0,0.1248
44520.0,0.11900000000000001
44580.0,0.0922
44640.0,0.1008
44700.0,0.0985
44760.0,0.1207
44820.0,0.1065
44880.0,0.1337
44940.0,0.145
45000.0,0.12
45060.0,0.1148
45120.0,0.1118
45180.0,0.1163
45240.0,0.1047
45300.0,0.1188
45360.0,0.1172
45420.0,0.1328
45480.0,0.1078
45540.0,0.1222
45600.0,0.1103
45660.0,0.0707
45720.0,0.0902
45780.0,0.0943
45840.0,0.1168
45900.0,0.1115
45960.0,0.0998
46020.0,0.0742
46080.0,0.0742
46140.0,0.1002
46200.0,0.0953
46260.0,0.10099999999999999
46320.0,0.1003
46380.0,0.0958
46440.0,0.10800000000000001
46500.0,0.0597
46560.0,0.0812
46620.0,0.0897
46680.0,0.1003
46740.0,0.0953
46800.0,0.0962
46860.0,0.0683
46920.0,0.1192
46980.0,0.1012
47040.0,0.0935
47100.0,0.0972
47160.0,0.0985
47220.0,0.1005
47280.0,0.0875
47340.0,0.0933
47400.0,0.0995
47460.0,0.0883
47520.0,0.0958
47580.0,0.0895
47640.0,0.10300000000000001
47700.0,0.0887
47760.0,0.087
47820.0,0.09699999999999999
47880.0,0.0788
47940.0,0.0908
48000.0,0.0927
48060.0,0.0982
48120.0,0.0927
48180.0,0.0692
48240.0,0.0867
48300.0,0.0607
48360.0,0.1008
48420.0,0.0933
48480.0,0.1127
48540.0,0.0905
48600.0,0.0858
48660.0,0.106
48720.0,0.0888
48780.0,0.0965
48840.0,0.0648
48900.0,0.1015
48960.0,0.0892
49020.0,0.085
49080.0,0.0847
49140.0,0.092
49200.0,0.1187
49260.0,0.1003
49320.0,0.0863
49380.0,0.0808
49440.0,0.0545
49500.0,0.0525
49560.0,0.0897
49620.0,0.0843
49680.0,0.0697
49740.0,0.1062
49800.0,0.0753
49860.0,0.0813
49920.0,0.105
49980.0,0.1088
50040.0,0.0838
50100.0,0.0862
50160.0,0.0938
50220.0,0.0865
50280.0,0.0812
50340.0,0.087
50400.0,0.0793
50460.0,0.0882
50520.0,0.0835
50580.0,0.6397
50640.0,0.3582
50700.0,0.3503
50760.0,0.3775
50820.0,0.3815
50880.0,0.3487
50940.0,0.3723
51000.0,0.3658
51060.0,0.5407
51120.0,0.6448
51180.0,0.6188
51240.0,0.59
51300.0,0.5498
51360.0,0.6285
51420.0,0.6062
51480.0,0.6295
51540.0,0.617
51600.0,0.6102
51660.0,0.733
51720.0,0.7583
51780.0,0.609
51840.0,0.4388
51900.0,0.3967
51960.0,0.3607
52020.0,0.376
52080.0,0.3783
52140.0,0.3722
52200.0,0.5847
52260.0,0.6635
52320.0,0.6487
52380.0,0.607
52440.0,0.6042
52500.0,0.5965
52560.0,0.5717
52620.0,0.5913
52680.0,0.6232
52740.0,0.6708
52800.0,0.7095
52860.0,0.11900000000000001
52920.0,0.0712
52980.0,0.0693
53040.0,0.0713
53100.0,0.0693
53160.0,0.0487
53220.0,0.0782
53280.0,0.077
53340.0,0.0557
53400.0,0.0785
53460.0,0.0753
53520.0,0.0848
53580.0,0.0807
53640.0,0.0905
53700.0,0.0857
53760.0,0.0758
53820.0,0.0783
53880.0,0.07200000000000001
53940.0,0.0603
54000.0,0.0803
54060.0,0.047
54120.0,0.0953
54180.0,0.0843
54240.0,0.0857
54300.0,0.0595
54360.0,0.0697
54420.0,0.0875
54480.0,0.0733
54540.0,0.0512
54600.0,0.0515
54660.0,0.077
54720.0,0.0812
54780.0,0.0703
54840.0,0.0842
54900.0,0.0765
54960.0,0.0513
55020.0,0.0603
55080.0,0.0417
55140.0,0.0472
55200.0,0.0785
55260.0,0.0667
55320.0,0.0678
55380.0,0.0818
55440.0,0.076
55500.0,0.0692
55560.0,0.0802
55620.0,0.0747
55680.0,0.073
55740.0,0.077
55800.0,0.0757
55860.0,0.0772
55920.0,0.3963
55980.0,0.5682
56040.0,0.4365
56100.0,0.1517
56160.0,0.0862
56220.0,0.0937
56280.0,0.08199999999999999
56340.0,0.0845
56400.0,0.0867
56460.0,0.0865
56520.0,0.0743
56580.0,0.0373
56640.0,0.0422
56700.0,0.0708
56760.0,0.0752
56820.0,0.0417
56880.0,0.0462
56940.0,0.09699999999999999
57000.0,0.0782
57060.0,0.1115
57120.0,0.0898
57180.0,0.0755
57240.0,0.0547
57300.0,0.0767
57360.0,0.0593
57420.0,0.0867
57480.0,0.0788
57540.0,0.0837
57600.0,0.0828
57660.0,0.1215
57720.0,0.0792
57780.0,0.0793
57840.0,0.0695
57900.0,0.2123
57960.0,0.6243
58020.0,0.5758
58080.0,0.1692
58140.0,0.0785
58200.0,0.0855
58260.0,0.0812
58320.0,0.0933
58380.0,0.0357
58440.0,0.0747
58500.0,0.0788
58560.0,0.049
58620.0,0.1067
58680.0,0.078
58740.0,0.0727
58800.0,0.0577
58860.0,0.0443
58920.0,0.0707
58980.0,0.0667
59040.0,0.0725
59100.0,0.037000000000000005
59160.0,0.0673
59220.0,0.0438
59280.0,0.0708
59340.0,0.0748
59400.0,0.0742
59460.0,0.0397
59520.0,0.0695
59580.0,0.0367
59640.0,0.0722
59700.0,0.039
59760.0,0.0397
59820.0,0.0335
59880.0,0.0727
59940.0,0.0392
60000.0,0.0732
60060.0,0.0432
60120.0,0.0807
60180.0,0.0465
60240.0,0.07400000000000001
60300.0,0.0525
60360.0,0.0458
60420.0,0.0438
60480.0,0.0712
60540.0,0.0975
60600.0,0.0632
60660.0,0.0622
60720.0,0.081
60780.0,0.0853
60840.0,0.0438
60900.0,0.0845
60960.0,0.0735
61020.0,0.047
61080.0,0.0373
61140.0,0.0763
61200.0,0.07
61260.0,0.043
61320.0,0.0663
61380.0,0.0493
61440.0,0.0723
61500.0,0.0425
61560.0,0.0492
61620.0,0.0555
61680.0,0.0997
61740.0,0.0743
61800.0,0.0655
61860.0,0.1013
61920.0,0.0587
61980.0,0.0798
62040.0,0.0455
62100.0,0.0885
62160.0,0.0528
62220.0,0.0625
62280.0,0.086
62340.0,0.0497
62400.0,0.063
62460.0,0.099
62520.0,0.0578
62580.0,0.0528
62640.0,0.071
62700.0,0.0897
62760.0,0.073
62820.0,0.086
62880.0,0.0893
62940.0,0.0543
63000.0,0.1115
63060.0,0.0638
63120.0,0.0892
63180.0,0.06
63240.0,0.0572
63300.0,0.1008
63360.0,0.0633
63420.0,0.0573
63480.0,0.0857
63540.0,0.0683
63600.0,0.0912
63660.0,0.0663
63720.0,0.0577
63780.0,0.1072
63840.0,0.0675
63900.0,0.1423
63960.0,0.0698
64020.0,0.1125
64080.0,0.07200000000000001
64140.0,0.0808
64200.0,0.10400000000000001
64260.0,0.0932
64320.0,0.0843
64380.0,0.1262
64440.0,0.0793
64500.0,0.0635
64560.0,0.068
64620.0,0.1268
64680.0,0.076
64740.0,0.1095
64800.0,0.1582
64860.0,0.1167
64920.0,0.0902
64980.0,0.1392
65040.0,0.1385
65100.0,0.1367
65160.0,0.10099999999999999
65220.0,0.1335
65280.0,0.131
65340.0,0.1612
65400.0,0.1228
65460.0,0.1303
65520.0,0.1357
65580.0,0.1617
65640.0,0.1588
65700.0,0.2053
65760.0,0.14300000000000002
65820.0,0.1087
65880.0,0.1452
65940.0,0.1568
66000.0,0.1018
66060.0,0.083
66120.0,0.0672
66180.0,0.0728
66240.0,0.0775
66300.0,0.08900000000000001
66360.0,0.0773
66420.0,0.0773
66480.0,0.0817
66540.0,0.048
66600.0,0.111
66660.0,0.0995
66720.0,0.1073
66780.0,0.0958
66840.0,0.084
66900.0,0.0617
66960.0,0.1043
67020.0,0.0898
67080.0,0.0693
67140.0,0.0785
67200.0,0.0772
67260.0,0.0772
67320.0,0.081
67380.0,0.0487
67440.0,0.0515
67500.0,0.1208
67560.0,0.0838
67620.0,0.0933
67680.0,0.0758
67740.0,0.095
67800.0,0.08199999999999999
67860.0,0.0858
67920.0,0.0552
67980.0,0.08199999999999999
68040.0,0.078
68100.0,0.0785
68160.0,0.0923
68220.0,0.08900000000000001
68280.0,0.071
68340.0,0.0588
68400.0,0.1293
68460.0,0.1013
68520.0,0.0892
68580.0,0.0633
68640.0,0.0888
68700.0,0.0798
68760.0,0.0968
68820.0,0.0612
68880.0,0.0767
68940.0,0.0835
69000.0,0.0747
69060.0,0.0885
69120.0,0.0872
69180.0,0.1008
69240.0,0.0635
69300.0,0.10400000000000001
69360.0,0.0987
69420.0,0.0813
69480.0,0.0908
69540.0,0.057999999999999996
69600.0,0.0843
69660.0,0.0832
69720.0,0.0885
69780.0,0.0683
69840.0,0.0883
69900.0,0.0753
69960.0,0.0838
70020.0,0.09699999999999999
70080.0,0.0908
70140.0,0.10300000000000001
70200.0,0.0753
70260.0,0.102
70320.0,0.1002
70380.0,0.0937
70440.0,0.0898
70500.0,0.10300000000000001
70560.0,0.0472
70620.0,0.081
70680.0,0.079
70740.0,0.0878
70800.0,0.0838
70860.0,0.0868
70920.0,0.0707
70980.0,0.0685
71040.0,0.0577
71100.0,0.0917
71160.0,0.0825
71220.0,0.1
71280.0,0.0897
71340.0,0.0545
71400.0,0.0843
71460.0,0.0998
71520.0,0.0642
71580.0,0.087
71640.0,0.0858
71700.0,0.077
71760.0,0.0923
71820.0,0.0867
71880.0,0.0615
71940.0,0.0923
72000.0,0.0982
72060.0,0.0718
72120.0,0.0787
72180.0,0.0635
72240.0,0.1095
72300.0,0.0782
72360.0,0.0505
72420.0,0.0945
72480.0,0.0873
72540.0,0.0773
72600.0,0.0927
72660.0,0.08900000000000001
72720.0,0.0492
72780.0,0.0875
72840.0,0.086
72900.0,0.0983
72960.0,0.0645
73020.0,0.09300000000000001
73080.0,0.0607
73140.0,0.0562
73200.0,0.0605
73260.0,0.113
73320.0,0.091
73380.0,0.0637
73440.0,0.0883
73500.0,0.0967
73560.0,0.096
73620.0,0.0572
73680.0,0.0777
73740.0,0.0952
73800.0,0.1102
73860.0,0.1008
73920.0,0.057999999999999996
73980.0,0.0825
74040.0,0.0877
74100.0,0.08199999999999999
74160.0,0.0655
74220.0,0.0887
74280.0,0.0598
74340.0,0.0855
74400.0,0.0847
74460.0,0.0487
74520.0,0.0913
74580.0,0.085
74640.0,0.0675
74700.0,0.0835
74760.0,0.0827
74820.0,0.0962
74880.0,0.0727
74940.0,0.0587
75000.0,0.0855
75060.0,0.10099999999999999
75120.0,0.0892
75180.0,0.0715
75240.0,0.0515
75300.0,0.0788
75360.0,0.0833
75420.0,0.0837
75480.0,0.0957
75540.0,0.0642
75600.0,0.0913
75660.0,0.086
75720.0,0.0688
75780.0,0.1045
75840.0,0.0875
75900.0,0.0967
75960.0,0.0853
76020.0,0.0723
76080.0,0.0827
76140.0,0.0857
76200.0,0.0927
76260.0,0.054000000000000006
76320.0,0.0603
76380.0,0.1007
76440.0,0.0793
76500.0,0.0552
76560.0,0.0872
76620.0,0.0975
76680.0,0.081
76740.0,0.0678
76800.0,0.0933
76860.0,0.0792
76920.0,0.1207
76980.0,0.0847
77040.0,0.0565
77100.0,0.0755
77160.0,0.0928
77220.0,0.0907
77280.0,0.0853
77340.0,0.0777
77400.0,0.0562
77460.0,0.0765
77520.0,0.0845
77580.0,0.0635
77640.0,0.0643
77700.0,0.1933
77760.0,0.1
77820.0,0.0498
77880.0,0.0868
77940.0,0.0842
78000.0,0.1005
78060.0,0.0732
78120.0,0.0863
78180.0,0.1112
78240.0,0.0918
78300.0,0.0937
78360.0,0.1093
78420.0,0.0753
78480.0,0.0957
78540.0,0.0697
78600.0,0.08900000000000001
78660.0,0.111
78720.0,0.0838
78780.0,0.0953
78840.0,0.0742
78900.0,0.0808
78960.0,0.0538
79020.0,0.0943
79080.0,0.0637
79140.0,0.0942
79200.0,0.0748
79260.0,0.0907
79320.0,0.1122
79380.0,0.098
79440.0,0.0915
79500.0,0.0808
79560.0,0.0955
79620.0,0.095
79680.0,0.08
79740.0,0.0883
79800.0,0.0793
79860.0,0.0568
79920.0,0.0975
79980.0,0.087
80040.0,0.094
80100.0,0.1083
80160.0,0.0777
80220.0,0.0872
80280.0,0.0798
80340.0,0.0837
80400.0,0.084
80460.0,0.0745
80520.0,0.094
80580.0,0.09699999999999999
80640.0,0.0737
80700.0,0.076
80760.0,0.0875
80820.0,0.084
80880.0,0.0862
80940.0,0.0437
81000.0,0.115
81060.0,0.1418
81120.0,0.0517
81180.0,0.0855
81240.0,0.078
81300.0,0.0887
81360.0,0.0983
81420.0,0.0855
81480.0,0.0642
81540.0,0.0787
81600.0,0.0863
81660.0,0.0872
81720.0,0.09300000000000001
81780.0,0.0565
81840.0,0.0578
81900.0,0.1443
81960.0,0.0978
82020.0,0.1057
82080.0,0.0935
82140.0,0.0723
82200.0,0.1028
82260.0,0.1067
82320.0,0.0757
82380.0,0.0595
82440.0,0.0532
82500.0,0.0987
82560.0,0.0967
82620.0,0.0927
82680.0,0.0832
82740.0,0.0597
82800.0,0.0737
82860.0,0.11
82920.0,0.0877
82980.0,0.1017
83040.0,0.0908
83100.0,0.0865
83160.0,0.0783
83220.0,0.0637
83280.0,0.0525
83340.0,0.0875
83400.0,0.0482
83460.0,0.0987
83520.0,0.081
83580.0,0.0872
83640.0,0.0915
83700.0,0.0972
83760.0,0.0937
83820.0,0.0802
83880.0,0.0555
83940.0,0.0872
84000.0,0.095
84060.0,0.115
84120.0,0.0998
84180.0,0.0945
84240.0,0.0812
84300.0,0.0852
84360.0,0.0553
84420.0,0.087
84480.0,0.08800000000000001
84540.0,0.0777
84600.0,0.1045
84660.0,0.0647
84720.0,0.0922
84780.0,0.0832
84840.0,0.0805
84900.0,0.0605
84960.0,0.0802
85020.0,0.0833
85080.0,0.0877
85140.0,0.0878
85200.0,0.0897
85260.0,0.059000000000000004
85320.0,0.0942
85380.0,0.0858
85440.0,0.0898
85500.0,0.0998
85560.0,0.0717
85620.0,0.0797
85680.0,0.0803
85740.0,0.0882
85800.0,0.0867
85860.0,0.1098
85920.0,0.1027
85980.0,0.066
86040.0,0.0862
86100.0,0.0447
86160.0,0.0707
86220.0,0.0898
86280.0,0.0955
86340.0,0.0905
86400.0,0.0968
86460.0,0.0713
86520.0,0.0938
86580.0,0.0937
86640.0,0.0623
86700.0,0.09
86760.0,0.068
86820.0,0.0897
86880.0,0.0875
86940.0,0.0582
87000.0,0.0887
87060.0,0.0932
87120.0,0.0818
87180.0,0.0612
87240.0,0.0828
87300.0,0.1008
87360.0,0.0708
87420.0,0.078
87480.0,0.0813
87540.0,0.05
87600.0,0.0825
87660.0,0.1153
87720.0,0.091
87780.0,0.0563
87840.0,0.0912
87900.0,0.0873
87960.0,0.0823
88020.0,0.0872
88080.0,0.0922
88140.0,0.0418
88200.0,0.0993
88260.0,0.094
88320.0,0.0928
88380.0,0.0892
88440.0,0.0825
88500.0,0.0618
88560.0,0.0967
88620.0,0.0877
88680.0,0.06
88740.0,0.0883
88800.0,0.0795
88860.0,0.0528
88920.0,0.0943
88980.0,0.0883
89040.0,0.0772
89100.0,0.0678
89160.0,0.0982
89220.0,0.0897
89280.0,0.0915
89340.0,0.10300000000000001
89400.0,0.0578
89460.0,0.0928
89520.0,0.064
89580.0,0.0847
89640.0,0.0838
89700.0,0.0492
89760.0,0.0908
89820.0,0.0952
89880.0,0.0863
89940.0,0.1105
90000.0,0.0977
90060.0,0.07200000000000001
90120.0,0.086
90180.0,0.1105
90240.0,0.09
90300.0,0.0703
90360.0,0.0937
90420.0,0.092
90480.0,0.0687
90540.0,0.073
90600.0,0.0568
90660.0,0.0955
90720.0,0.0522
90780.0,0.0923
90840.0,0.0832
90900.0,0.0912
90960.0,0.0945
91020.0,0.0532
91080.0,0.0908
91140.0,0.077
91200.0,0.0625
91260.0,0.1115
91320.0,0.0862
91380.0,0.1007
91440.0,0.0595
91500.0,0.054000000000000006
91560.0,0.092
91620.0,0.091
91680.0,0.0925
91740.0,0.062
91800.0,0.1075
91860.0,0.0982
91920.0,0.0825
91980.0,0.0968
92040.0,0.0602
92100.0,0.0872
92160.0,0.0938
92220.0,0.0985
92280.0,0.0548
92340.0,0.0817
92400.0,0.0843
92460.0,0.0607
92520.0,0.0895
92580.0,0.0747
92640.0,0.0583
92700.0,0.1
92760.0,0.09699999999999999
92820.0,0.048
92880.0,0.08800000000000001
92940.0,0.0818
93000.0,0.08800000000000001
93060.0,0.0957
93120.0,0.1452
93180.0,0.2055
93240.0,0.1332
93300.0,0.0895
93360.0,0.0667
93420.0,0.08
93480.0,0.0957
93540.0,0.0863
93600.0,0.1127
93660.0,0.08
93720.0,0.0775
93780.0,0.0927
93840.0,0.1047
93900.0,0.1038
93960.0,0.0925
94020.0,0.08900000000000001
94080.0,0.0438
94140.0,0.1062
94200.0,0.0907
94260.0,0.098
94320.0,0.0922
94380.0,0.0517
94440.0,0.0575
94500.0,0.1082
94560.0,0.1078
94620.0,0.0888
94680.0,0.0867
94740.0,0.0865
94800.0,0.0848
94860.0,0.0893
94920.0,0.063
94980.0,0.0567
95040.0,0.0862
95100.0,0.0963
95160.0,0.0975
95220.0,0.0942
95280.0,0.0862
95340.0,0.0687
95400.0,0.1237
95460.0,0.1108
95520.0,0.0535
95580.0,0.0932
95640.0,0.0628
95700.0,0.0933
95760.0,0.0867
95820.0,0.0875
95880.0,0.0575
95940.0,0.0482
96000.0,0.0838
96060.0,0.0897
96120.0,0.0552
96180.0,0.1068
96240.0,0.0787
96300.0,0.0885
96360.0,0.1293
96420.0,0.17300000000000001
96480.0,0.1085
96540.0,0.0537
96600.0,0.0923
96660.0,0.0973
96720.0,0.1038
96780.0,0.0517
96840.0,0.0708
96900.0,0.079
96960.0,0.0523
97020.0,0.0573
97080.0,0.0893
97140.0,0.0933
97200.0,0.1113
97260.0,0.0688
97320.0,0.1062
97380.0,0.0997
97440.0,0.08800000000000001
97500.0,0.0907
97560.0,0.0608
97620.0,0.0828
97680.0,0.0812
97740.0,0.0627
97800.0,0.0693
97860.0,0.0903
97920.0,0.0563
97980.0,0.0897
98040.0,0.0742
98100.0,0.0972
98160.0,0.0723
98220.0,0.0765
98280.0,0.0883
98340.0,0.0478
98400.0,0.0492
98460.0,0.0933
98520.0,0.1078
98580.0,0.054000000000000006
98640.0,0.0763
98700.0,0.0858
98760.0,0.0967
98820.0,0.0583
98880.0,0.0913
98940.0,0.0943
99000.0,0.1353
99060.0,0.2317
99120.0,0.2223
99180.0,0.1962
99240.0,0.2393
99300.0,0.1988
99360.0,0.1872
99420.0,0.1763
99480.0,0.1677
99540.0,0.1017
99600.0,0.1335
99660.0,0.0968
99720.0,0.1387
99780.0,0.0902
99840.0,0.1188
99900.0,0.19
99960.0,0.2245
100020.0,0.1847
100080.0,0.213
100140.0,0.1868
100200.0,0.1708
100260.0,0.1928
100320.0,0.1543
100380.0,0.0893
100440.0,0.1128
100500.0,0.12300000000000001
100560.0,0.1318
100620.0,0.0713
100680.0,0.0933
100740.0,0.0558
100800.0,0.1158
100860.0,0.0727
100920.0,0.08900000000000001
100980.0,0.095
101040.0,0.0573
101100.0,0.102
101160.0,0.1013
101220.0,0.0873
101280.0,0.0687
101340.0,0.0807
101400.0,0.0883
101460.0,0.07400000000000001
101520.0,0.0855
101580.0,0.0618
101640.0,0.0885
101700.0,0.1157
101760.0,0.0672
101820.0,0.0848
101880.0,0.0912
101940.0,0.0837
102000.0,0.1035
102060.0,0.0655
102120.0,0.0548
102180.0,0.0513
102240.0,0.0942
102300.0,0.1058
102360.0,0.0892
102420.0,0.059000000000000004
102480.0,0.0893
102540.0,0.0893
102600.0,0.1048
102660.0,0.1018
102720.0,0.0872
102780.0,0.0473
102840.0,0.0977
102900.0,0.0908
102960.0,0.0715
103020.0,0.1152
103080.0,0.08800000000000001
103140.0,0.0608
103200.0,0.049
103260.0,0.0935
103320.0,0.0797
103380.0,0.0642
103440.0,0.084
103500.0,0.1103
103560.0,0.0583
103620.0,0.077
103680.0,0.0842
103740.0,0.099
103800.0,0.1363
103860.0,0.1543
103920.0,0.1048
103980.0,0.0617
104040.0,0.0803
104100.0,0.0958
104160.0,0.0925
104220.0,0.081
104280.0,0.0537
104340.0,0.0868
104400.0,0.087
104460.0,0.1122
104520.0,0.0803
104580.0,0.0933
104640.0,0.0815
104700.0,0.1038
104760.0,0.094
104820.0,0.0723
104880.0,0.0825
104940.0,0.0883
105000.0,0.1035
105060.0,0.0615
105120.0,0.0987
105180.0,0.0913
105240.0,0.0723
105300.0,0.067
105360.0,0.1023
105420.0,0.096
105480.0,0.0865
105540.0,0.1043
105600.0,0.0783
105660.0,0.0775
105720.0,0.1123
105780.0,0.0552
105840.0,0.0543
105900.0,0.1008
105960.0,0.0895
106020.0,0.0887
106080.0,0.0543
106140.0,0.0872
106200.0,0.1137
106260.0,0.1055
106320.0,0.0785
106380.0,0.1915
106440.0,0.145
106500.0,0.1375
106560.0,0.0878
106620.0,0.124
106680.0,0.0962
106740.0,0.046
106800.0,0.0937
106860.0,0.0627
106920.0,0.0813
106980.0,0.1058
107040.0,0.0883
107100.0,0.1017
107160.0,0.077
107220.0,0.0913
107280.0,0.0732
107340.0,0.063
107400.0,0.1077
107460.0,0.0893
107520.0,0.0955
107580.0,0.0883
107640.0,0.0667
107700.0,0.0667
107760.0,0.0968
107820.0,0.1618
107880.0,0.2238
107940.0,0.2263
108000.0,0.2417
108060.0,0.237
108120.0,0.223
108180.0,0.1863
108240.0,0.2057
108300.0,0.1713
108360.0,0.1488
108420.0,0.1445
108480.0,0.1287
108540.0,0.1365
108600.0,0.1282
108660.0,0.1465
108720.0,0.1353
108780.0,0.1217
108840.0,0.109
108900.0,0.2125
108960.0,0.20800000000000002
109020.0,0.1942
109080.0,0.2218
109140.0,0.2168
109200.0,0.2407
109260.0,0.1697
109320.0,0.1748
109380.0,0.1612
109440.0,0.1697
109500.0,0.1187
109560.0,0.1222
109620.0,0.1312
109680.0,0.0958
109740.0,0.0797
109800.0,0.1278
109860.0,0.1245
109920.0,0.1098
109980.0,0.0582
110040.0,0.0837
110100.0,0.0867
110160.0,0.0907
110220.0,0.0658
110280.0,0.0898
110340.0,0.1172
110400.0,0.0528
110460.0,0.0768
110520.0,0.063
110580.0,0.0907
110640.0,0.0568
110700.0,0.0917
110760.0,0.0917
110820.0,0.0955
110880.0,0.0762
110940.0,0.0845
111000.0,0.0478
111060.0,0.0982
111120.0,0.1083
111180.0,0.0487
111240.0,0.0847
111300.0,0.0865
111360.0,0.096
111420.0,0.0618
111480.0,0.0623
111540.0,0.099
111600.0,0.0915
111660.0,0.08199999999999999
111720.0,0.105
111780.0,0.1367
111840.0,0.0918
111900.0,0.0602
111960.0,0.1
112020.0,0.0545
112080.0,0.0922
112140.0,0.095
112200.0,0.0542
112260.0,0.0865
112320.0,0.0813
112380.0,0.0938
112440.0,0.1127
112500.0,0.1047
112560.0,0.0653
112620.0,0.0522
112680.0,0.06
112740.0,0.0808
112800.0,0.085
112860.0,0.0945
112920.0,0.0597
112980.0,0.0882
113040.0,0.0835
113100.0,0.0535
113160.0,0.0762
113220.0,0.0942
113280.0,0.0853
113340.0,0.047
113400.0,0.0865
113460.0,0.0822
113520.0,0.09300000000000001
113580.0,0.057999999999999996
113640.0,0.0705
113700.0,0.0982
113760.0,0.0858
113820.0,0.1233
113880.0,0.0583
113940.0,0.08800000000000001
114000.0,0.0793
114060.0,0.0922
114120.0,0.0928
114180.0,0.064
114240.0,0.0867
114300.0,0.0795
114360.0,0.0835
114420.0,0.0942
114480.0,0.0623
114540.0,0.0813
114600.0,0.0867
114660.0,0.067
114720.0,0.066
114780.0,0.0777
114840.0,0.0727
114900.0,0.0837
114960.0,0.0807
115020.0,0.0903
115080.0,0.0665
115140.0,0.0792
115200.0,0.1038
115260.0,0.0867
115320.0,0.0812
115380.0,0.0598
115440.0,0.0923
115500.0,0.1057
115560.0,0.1047
115620.0,0.0595
115680.0,0.091
115740.0,0.0922
115800.0,0.0523
115860.0,0.0483
115920.0,0.0923
115980.0,0.094
116040.0,0.078
116100.0,0.1028
116160.0,0.0552
116220.0,0.0867
116280.0,0.0848
116340.0,0.0872
116400.0,0.0882
116460.0,0.0512
116520.0,0.1008
116580.0,0.0903
116640.0,0.0995
116700.0,0.0718
116760.0,0.0907
116820.0,0.096
116880.0,0.0845
116940.0,0.057999999999999996
117000.0,0.0515
117060.0,0.0535
117120.0,0.0793
117180.0,0.0872
117240.0,0.0857
117300.0,0.0822
117360.0,0.046
117420.0,0.083
117480.0,0.0582
117540.0,0.0988
117600.0,0.0918
117660.0,0.0828
117720.0,0.0827
117780.0,0.0958
117840.0,0.0458
117900.0,0.091
117960.0,0.0877
118020.0,0.0602
118080.0,0.048
118140.0,0.0747
118200.0,0.0852
118260.0,0.1002
118320.0,0.0657
118380.0,0.0867
118440.0,0.0893
118500.0,0.0827
118560.0,0.0845
118620.0,0.0907
118680.0,0.0575
118740.0,0.0695
118800.0,0.0942
118860.0,0.0728
118920.0,0.0558
118980.0,0.0788
119040.0,0.0798
119100.0,0.0808
119160.0,0.0618
119220.0,0.0802
119280.0,0.2078
119340.0,0.0752
119400.0,0.073
119460.0,0.0742
119520.0,0.0927
119580.0,0.053
119640.0,0.0828
119700.0,0.084
119760.0,0.0775
119820.0,0.0542
119880.0,0.0843
119940.0,0.0863
120000.0,0.0875
120060.0,0.115
120120.0,0.0938
120180.0,0.0497
120240.0,0.0703
120300.0,0.0587
120360.0,0.0822
120420.0,0.0467
120480.0,0.0813
120540.0,0.0788
120600.0,0.0867
120660.0,0.05
120720.0,0.0788
120780.0,0.081
120840.0,0.0725
120900.0,0.0833
120960.0,0.061
121020.0,0.0932
121080.0,0.0927
121140.0,0.0902
121200.0,0.0698
121260.0,0.0737
121320.0,0.0822
121380.0,0.0607
121440.0,0.0718
121500.0,0.0868
121560.0,0.043
121620.0,0.0875
121680.0,0.0752
121740.0,0.0858
121800.0,0.0775
121860.0,0.0497
121920.0,0.1053
121980.0,0.0758
122040.0,0.0902
122100.0,0.0502
122160.0,0.0797
122220.0,0.0898
122280.0,0.08900000000000001
122340.0,0.0445
122400.0,0.0708
122460.0,0.0897
122520.0,0.0495
122580.0,0.0837
122640.0,0.0757
122700.0,0.0832
122760.0,0.0507
122820.0,0.09
122880.0,0.083
122940.0,0.0828
123000.0,0.0973
123060.0,0.0507
123120.0,0.0873
123180.0,0.0815
123240.0,0.0748
123300.0,0.0522
123360.0,0.0773
123420.0,0.0867
123480.0,0.0865
123540.0,0.0837
123600.0,0.0647
123660.0,0.055999999999999994
123720.0,0.09699999999999999
123780.0,0.0852
123840.0,0.0898
123900.0,0.0567
123960.0,0.0932
124020.0,0.099
124080.0,0.0692
124140.0,0.0762
124200.0,0.0738
124260.0,0.0883
124320.0,0.0975
124380.0,0.0405
124440.0,0.0885
124500.0,0.086
124560.0,0.0393
124620.0,0.0858
124680.0,0.0713
124740.0,0.0873
124800.0,0.0635
124860.0,0.0817
124920.0,0.0855
124980.0,0.0868
125040.0,0.0678
125100.0,0.0853
125160.0,0.0537
125220.0,0.08199999999999999
125280.0,0.066
125340.0,0.0785
125400.0,0.0447
125460.0,0.0983
125520.0,0.0943
125580.0,0.0812
125640.0,0.0613
125700.0,0.0787
125760.0,0.0808
125820.0,0.0725
125880.0,0.0753
125940.0,0.043
126000.0,0.0517
126060.0,0.0922
126120.0,0.0815
126180.0,0.0905
126240.0,0.0955
126300.0,0.0528
126360.0,0.0813
126420.0,0.0855
126480.0,0.0768
126540.0,0.0807
126600.0,0.0733
126660.0,0.0687
126720.0,0.0758
126780.0,0.0747
126840.0,0.0702
126900.0,0.08800000000000001
126960.0,0.042
127020.0,0.0927
127080.0,0.0738
127140.0,0.068
127200.0,0.0807
127260.0,0.059000000000000004
127320.0,0.0903
127380.0,0.0815
127440.0,0.0735
127500.0,0.084
127560.0,0.0397
127620.0,0.0855
127680.0,0.0773
127740.0,0.0855
127800.0,0.0908
127860.0,0.0777
127920.0,0.0497
127980.0,0.0725
128040.0,0.0745
128100.0,0.0735
128160.0,0.0697
128220.0,0.0888
128280.0,0.051
128340.0,0.0823
128400.0,0.1205
128460.0,0.0765
128520.0,0.0617
128580.0,0.07400000000000001
128640.0,0.0795
128700.0,0.0588
128760.0,0.0813
128820.0,0.0907
128880.0,0.0672
128940.0,0.0423
129000.0,0.0707
129060.0,0.0833
129120.0,0.0877
129180.0,0.08
129240.0,0.0803
129300.0,0.0393
129360.0,0.0795
129420.0,0.0537
129480.0,0.0673
129540.0,0.0865
129600.0,0.0688
129660.0,0.0
129720.0,0.0957
129780.0,0.0772
129840.0,0.0663
129900.0,0.0765
129960.0,0.0818
130020.0,0.0842
130080.0,0.078
130140.0,0.0658
130200.0,0.069
130260.0,0.0822
130320.0,0.0792
130380.0,0.0728
130440.0,0.0755
130500.0,0.0427
130560.0,0.0865
130620.0,0.0478
130680.0,0.0722
130740.0,0.0742
130800.0,0.0738
130860.0,0.0882
130920.0,0.0812
130980.0,0.046
131040.0,0.0787
131100.0,0.0735
131160.0,0.0892
131220.0,0.0708
131280.0,0.0763
131340.0,0.07200000000000001
131400.0,0.0807
131460.0,0.0882
131520.0,0.0687
131580.0,0.0495
131640.0,0.0718
131700.0,0.075
131760.0,0.0787
131820.0,0.0705
131880.0,0.054000000000000006
131940.0,0.0875
132000.0,0.0852
132060.0,0.0485
132120.0,0.063
132180.0,0.0782
132240.0,0.0702
132300.0,0.0712
132360.0,0.0792
132420.0,0.0668
132480.0,0.0773
132540.0,0.0617
132600.0,0.0422
132660.0,0.0787
132720.0,0.0845
132780.0,0.0677
132840.0,0.0617
132900.0,0.0702
132960.0,0.069
133020.0,0.0678
133080.0,0.0922
133140.0,0.0348
133200.0,0.066
133260.0,0.0792
133320.0,0.07400000000000001
133380.0,0.0763
133440.0,0.0417
133500.0,0.0707
133560.0,0.0683
133620.0,0.0652
133680.0,0.0725
133740.0,0.0645
133800.0,0.0652
133860.0,0.0658
133920.0,0.0672
133980.0,0.0618
134040.0,0.0668
134100.0,0.0688
134160.0,0.0752
134220.0,0.065
134280.0,0.0587
134340.0,0.0698
134400.0,0.0718
134460.0,0.0433
134520.0,0.0363
134580.0,0.0655
134640.0,0.0653
134700.0,0.0605
134760.0,0.0685
134820.0,0.0637
134880.0,0.057999999999999996
134940.0,0.0645
135000.0,0.0612
135060.0,0.0713
135120.0,0.0688
135180.0,0.0643
135240.0,0.0592
135300.0,0.0585
135360.0,0.0765
135420.0,0.0658
135480.0,0.0682
135540.0,0.0647
135600.0,0.0598
135660.0,0.0733
135720.0,0.0413
135780.0,0.0317
135840.0,0.071
135900.0,0.0567
135960.0,0.0705
136020.0,0.0622
136080.0,0.0707
136140.0,0.0682
136200.0,0.0792
136260.0,0.0747
136320.0,0.0673
136380.0,0.0637
136440.0,0.0657
136500.0,0.063
136560.0,0.064
136620.0,0.0608
136680.0,0.0628
136740.0,0.0773
136800.0,0.0777
136860.0,0.06
136920.0,0.6687
136980.0,0.3977
137040.0,0.3885
137100.0,0.364
137160.0,0.3933
137220.0,0.3967
137280.0,0.3935
137340.0,0.4885
137400.0,0.7003
137460.0,0.5547
137520.0,0.5857
137580.0,0.5652
137640.0,0.6063
137700.0,0.5947
137760.0,0.61
137820.0,0.687
137880.0,0.6098
137940.0,0.5925
138000.0,0.5602
138060.0,0.4902
138120.0,0.7617
138180.0,0.7748
138240.0,0.6815
138300.0,0.6058
138360.0,0.5622
138420.0,0.4778
138480.0,0.4172
138540.0,0.3852
138600.0,0.5263
138660.0,0.6688
138720.0,0.6187
138780.0,0.6368
138840.0,0.6198
138900.0,0.607
138960.0,0.5997
139020.0,0.604
139080.0,0.6267
139140.0,0.5885
139200.0,0.5693
139260.0,0.5602
139320.0,0.5625
139380.0,0.7197
139440.0,0.7295
139500.0,0.3515
139560.0,0.0432
139620.0,0.0393
139680.0,0.0653
139740.0,0.0688
139800.0,0.0588
139860.0,0.0668
139920.0,0.07200000000000001
139980.0,0.0572
140040.0,0.063
140100.0,0.0563
140160.0,0.0623
140220.0,0.0697
140280.0,0.0575
140340.0,0.0682
140400.0,0.0567
140460.0,0.0325
140520.0,0.07400000000000001
140580.0,0.0595
140640.0,0.063
140700.0,0.0552
140760.0,0.055999999999999994
140820.0,0.0477
140880.0,0.0552
140940.0,0.0667
141000.0,0.0262
141060.0,0.0638
141120.0,0.0703
141180.0,0.0603
141240.0,0.0652
141300.0,0.0592
141360.0,0.071
141420.0,0.0367
141480.0,0.0577
141540.0,0.0307
141600.0,0.0563
141660.0,0.0695
141720.0,0.0835
141780.0,0.0252
141840.0,0.374
141900.0,0.5557
141960.0,0.4012
142020.0,0.1762
142080.0,0.0592
142140.0,0.0723
142200.0,0.0548
142260.0,0.0638
142320.0,0.0728
142380.0,0.0588
142440.0,0.0637
142500.0,0.0623
142560.0,0.0732
142620.0,0.0717
142680.0,0.0587
142740.0,0.0642
142800.0,0.0583
142860.0,0.0638
142920.0,0.073
142980.0,0.0657
143040.0,0.076
143100.0,0.0748
143160.0,0.0383
143220.0,0.0442
143280.0,0.06
143340.0,0.0663
143400.0,0.0578
143460.0,0.0657
143520.0,0.0768
143580.0,0.0638
143640.0,0.0663
143700.0,0.0582
143760.0,0.0608
143820.0,0.0705
143880.0,0.0585
143940.0,0.0662
144000.0,0.0573
144060.0,0.0613
144120.0,0.0688
144180.0,0.0632
144240.0,0.0587
144300.0,0.0592
144360.0,0.0583
144420.0,0.0618
144480.0,0.0565
144540.0,0.055
144600.0,0.0282
144660.0,0.0582
144720.0,0.0652
144780.0,0.0617
144840.0,0.0585
144900.0,0.0635
144960.0,0.0593
145020.0,0.0657
145080.0,0.0585
145140.0,0.062
145200.0,0.0603
145260.0,0.0607
145320.0,0.0695
145380.0,0.0632
145440.0,0.0585
145500.0,0.0265
145560.0,0.0577
145620.0,0.0662
145680.0,0.027000000000000003
145740.0,0.0273
145800.0,0.0242
145860.0,0.027000000000000003
145920.0,0.0622
145980.0,0.0583
146040.0,0.0237
146100.0,0.0587
146160.0,0.0325
146220.0,0.0342
146280.0,0.0587
146340.0,0.0608
146400.0,0.061
146460.0,0.061
146520.0,0.0623
146580.0,0.0595
146640.0,0.0643
146700.0,0.0312
146760.0,0.0563
146820.0,0.0398
146880.0,0.0352
146940.0,0.071
147000.0,0.0267
147060.0,0.0623
147120.0,0.0308
147180.0,0.0325
147240.0,0.055999999999999994
147300.0,0.0638
147360.0,0.0253
147420.0,0.0702
147480.0,0.0255
147540.0,0.0345
147600.0,0.0312
147660.0,0.026000000000000002
147720.0,0.0695
147780.0,0.0668
147840.0,0.0282
147900.0,0.0662
147960.0,0.0627
148020.0,0.0755
148080.0,0.0278
148140.0,0.066
148200.0,0.033
148260.0,0.0293
148320.0,0.0735
148380.0,0.0612
148440.0,0.0583
148500.0,0.0385
148560.0,0.0672
148620.0,0.033
148680.0,0.031
148740.0,0.027999999999999997
148800.0,0.0405
148860.0,0.061
148920.0,0.046
148980.0,0.06
149040.0,0.0343
149100.0,0.0598
149160.0,0.0668
149220.0,0.035
149280.0,0.0633
149340.0,0.0318
149400.0,0.0317
149460.0,0.027000000000000003
149520.0,0.0387
149580.0,0.0265
149640.0,0.0595
149700.0,0.0595
149760.0,0.0637
149820.0,0.0332
149880.0,0.03
149940.0,0.0337
150000.0,0.0587
150060.0,0.0322
150120.0,0.0655
150180.0,0.0653
150240.0,0.0603
150300.0,0.0657
150360.0,0.0593
150420.0,0.0642
150480.0,0.038
150540.0,0.0372
150600.0,0.0688
150660.0,0.065
150720.0,0.0645
150780.0,0.0667
150840.0,0.0578
150900.0,0.0668
150960.0,0.0685
151020.0,0.0647
151080.0,0.0735
151140.0,0.064
151200.0,0.0635
151260.0,0.0672
151320.0,0.0717
151380.0,0.0687
151440.0,0.0612
151500.0,0.0683
151560.0,0.0633
151620.0,0.0707
151680.0,0.0632
151740.0,0.0645
151800.0,0.0448
151860.0,0.0627
151920.0,0.0398
151980.0,0.0698
152040.0,0.0672
152100.0,0.0702
152160.0,0.0708
152220.0,0.0735
152280.0,0.0755
152340.0,0.063
152400.0,0.087
152460.0,0.075
152520.0,0.0968
152580.0,0.0722
152640.0,0.0635
152700.0,0.0672
152760.0,0.0612
152820.0,0.0823
152880.0,0.0617
152940.0,0.0727
153000.0,0.0723
153060.0,0.0677
153120.0,0.0698
153180.0,0.0485
153240.0,0.0622
153300.0,0.0772
153360.0,0.0603
153420.0,0.0788
153480.0,0.0687
153540.0,0.0643
153600.0,0.0748
153660.0,0.068
153720.0,0.0938
153780.0,0.0777
153840.0,0.0717
153900.0,0.0743
153960.0,0.062
154020.0,0.0732
154080.0,0.0715
154140.0,0.071
154200.0,0.0893
154260.0,0.0777
154320.0,0.0762
154380.0,0.0703
154440.0,0.0628
154500.0,0.0725
154560.0,0.0562
154620.0,0.0605
154680.0,0.0693
154740.0,0.0865
154800.0,0.0818
154860.0,0.0735
154920.0,0.0992
154980.0,0.0792
155040.0,0.0895
155100.0,0.0757
155160.0,0.0722
155220.0,0.0852
155280.0,0.0657
155340.0,0.0763
155400.0,0.0778
155460.0,0.0675
155520.0,0.0815
155580.0,0.0835
155640.0,0.0985
155700.0,0.0852
155760.0,0.0822
155820.0,0.0517
155880.0,0.0397
155940.0,0.077
156000.0,0.0877
156060.0,0.0882
156120.0,0.0863
156180.0,0.081
156240.0,0.0457
156300.0,0.0718
156360.0,0.0778
156420.0,0.0925
156480.0,0.0882
156540.0,0.0875
156600.0,0.0745
156660.0,0.0565
156720.0,0.0847
156780.0,0.0717
156840.0,0.0822
156900.0,0.07400000000000001
156960.0,0.0788
157020.0,0.0782
157080.0,0.0768
157140.0,0.054000000000000006
157200.0,0.0373
157260.0,0.0878
157320.0,0.081
157380.0,0.0785
157440.0,0.0915
157500.0,0.0543
157560.0,0.0773
157620.0,0.084
157680.0,0.0878
157740.0,0.084
157800.0,0.0903
157860.0,0.0498
157920.0,0.0838
157980.0,0.0812
158040.0,0.0857
158100.0,0.0712
158160.0,0.0537
158220.0,0.0553
158280.0,0.0827
158340.0,0.0868
158400.0,0.0987
158460.0,0.0797
158520.0,0.08199999999999999
158580.0,0.0513
158640.0,0.073
158700.0,0.079
158760.0,0.0783
158820.0,0.0913
158880.0,0.0835
158940.0,0.069
159000.0,0.0542
159060.0,0.0838
159120.0,0.1045
159180.0,0.086
159240.0,0.0902
159300.0,0.0592
159360.0,0.071
159420.0,0.0573
159480.0,0.087
159540.0,0.085
159600.0,0.0867
159660.0,0.0612
159720.0,0.0848
159780.0,0.07
159840.0,0.0748
159900.0,0.08199999999999999
159960.0,0.0712
160020.0,0.0823
160080.0,0.0402
160140.0,0.1027
160200.0,0.0863
160260.0,0.0743
160320.0,0.0882
160380.0,0.0762
160440.0,0.055
160500.0,0.0685
160560.0,0.0578
160620.0,0.0733
160680.0,0.0735
160740.0,0.0822
160800.0,0.0873
160860.0,0.0572
160920.0,0.1115
160980.0,0.0887
161040.0,0.1068
161100.0,0.0805
161160.0,0.057
161220.0,0.0888
161280.0,0.0917
161340.0,0.09300000000000001
161400.0,0.0768
161460.0,0.0608
161520.0,0.0955
161580.0,0.0908
161640.0,0.0863
161700.0,0.0483
161760.0,0.057999999999999996
161820.0,0.0822
161880.0,0.0838
161940.0,0.1127
162000.0,0.0472
162060.0,0.083
162120.0,0.0945
162180.0,0.0857
162240.0,0.0778
162300.0,0.0773
162360.0,0.048
162420.0,0.0787
162480.0,0.0873
162540.0,0.0775
162600.0,0.0858
162660.0,0.0582
162720.0,0.0823
162780.0,0.0962
162840.0,0.0797
162900.0,0.0673
162960.0,0.061
163020.0,0.0893
163080.0,0.0847
163140.0,0.083
163200.0,0.0938
163260.0,0.0507
163320.0,0.0825
163380.0,0.081
163440.0,0.0735
163500.0,0.083
163560.0,0.0873
163620.0,0.0523
163680.0,0.075
163740.0,0.0747
163800.0,0.0883
163860.0,0.0887
163920.0,0.0948
163980.0,0.0695
164040.0,0.0417
164100.0,0.0778
164160.0,0.0698
164220.0,0.0902
164280.0,0.0793
164340.0,0.0707
164400.0,0.049
164460.0,0.0815
164520.0,0.1012
164580.0,0.0827
164640.0,0.0905
164700.0,0.0587
164760.0,0.0785
164820.0,0.105
164880.0,0.0762
164940.0,0.0905
165000.0,0.0598
165060.0,0.0902
165120.0,0.0802
165180.0,0.0563
165240.0,0.0797
165300.0,0.0775
165360.0,0.0765
165420.0,0.0928
165480.0,0.0498
165540.0,0.0768
165600.0,0.0898
165660.0,0.0873
165720.0,0.0965
165780.0,0.0897
165840.0,0.0862
165900.0,0.0797
165960.0,0.0788
166020.0,0.0493
166080.0,0.0965
166140.0,0.0522
166200.0,0.0882
166260.0,0.0818
166320.0,0.0758
166380.0,0.0637
166440.0,0.0687
166500.0,0.0875
166560.0,0.0798
166620.0,0.0812
166680.0,0.0918
166740.0,0.1003
166800.0,0.0875
166860.0,0.09699999999999999
166920.0,0.0705
166980.0,0.0845
167040.0,0.0895
167100.0,0.0722
167160.0,0.081
167220.0,0.0473
167280.0,0.0878
167340.0,0.095
167400.0,0.0778
167460.0,0.084
167520.0,0.0783
167580.0,0.0733
167640.0,0.0445
167700.0,0.083
167760.0,0.0892
167820.0,0.0837
167880.0,0.0675
167940.0,0.0733
168000.0,0.0817
168060.0,0.0903
168120.0,0.0822
168180.0,0.0875
168240.0,0.0527
168300.0,0.0968
168360.0,0.0778
168420.0,0.0555
168480.0,0.0892
168540.0,0.0787
168600.0,0.1028
168660.0,0.057
168720.0,0.0443
168780.0,0.0843
168840.0,0.0882
168900.0,0.0748
168960.0,0.08
169020.0,0.0523
169080.0,0.1038
169140.0,0.0922
169200.0,0.0873
169260.0,0.0873
169320.0,0.0927
169380.0,0.0712
169440.0,0.0857
169500.0,0.0908
169560.0,0.0752
169620.0,0.0873
169680.0,0.0563
169740.0,0.0793
169800.0,0.081
169860.0,0.0565
169920.0,0.0828
169980.0,0.0537
170040.0,0.1003
170100.0,0.1022
170160.0,0.0442
170220.0,0.0925
170280.0,0.0868
170340.0,0.0885
170400.0,0.0925
170460.0,0.063
170520.0,0.079
170580.0,0.0877
170640.0,0.0825
170700.0,0.0462
170760.0,0.092
170820.0,0.0807
170880.0,0.08199999999999999
170940.0,0.0732
171000.0,0.0765
171060.0,0.0608
171120.0,0.0848
171180.0,0.0892
171240.0,0.0478
171300.0,0.0783
171360.0,0.0768
171420.0,0.0802
171480.0,0.0908
171540.0,0.0827
171600.0,0.0817
171660.0,0.0512
171720.0,0.08
171780.0,0.09699999999999999
171840.0,0.11699999999999999
171900.0,0.095
171960.0,0.0497
172020.0,0.0688
172080.0,0.0718
172140.0,0.0885
172200.0,0.0968
172260.0,0.0583
172320.0,0.0738
172380.0,0.0862
172440.0,0.0783
172500.0,0.071
172560.0,0.0612
172620.0,0.0795
172680.0,0.0918
172740.0,0.098
172800.0,0.1032
172860.0,0.054000000000000006
172920.0,0.0875
172980.0,0.1127
173040.0,0.0442
173100.0,0.0872
173160.0,0.0625
173220.0,0.0795
173280.0,0.0918
173340.0,0.0805
173400.0,0.0585
173460.0,0.0923
173520.0,0.0885
173580.0,0.0933
173640.0,0.0563
173700.0,0.09300000000000001
173760.0,0.0792
173820.0,0.0952
173880.0,0.0622
173940.0,0.0905
174000.0,0.0988
174060.0,0.094
174120.0,0.0485
174180.0,0.0827
174240.0,0.0598
174300.0,0.0662
174360.0,0.0823
174420.0,0.0863
174480.0,0.0817
174540.0,0.0885
174600.0,0.1142
174660.0,0.0987
174720.0,0.0868
174780.0,0.0933
174840.0,0.08900000000000001
174900.0,0.0773
174960.0,0.0518
175020.0,0.0887
175080.0,0.0783
175140.0,0.0872
175200.0,0.0917
175260.0,0.0847
175320.0,0.0915
175380.0,0.0638
175440.0,0.063
175500.0,0.0867
175560.0,0.0758
175620.0,0.0907
175680.0,0.0892
175740.0,0.0548
175800.0,0.077
175860.0,0.09300000000000001
175920.0,0.0475
175980.0,0.0773
176040.0,0.0798
176100.0,0.0782
176160.0,0.0897
176220.0,0.0822
176280.0,0.0617
176340.0,0.10400000000000001
176400.0,0.0733
176460.0,0.0808
176520.0,0.0727
176580.0,0.0842
176640.0,0.0528
176700.0,0.0912
176760.0,0.114
176820.0,0.0883
176880.0,0.0893
176940.0,0.0853
177000.0,0.0483
177060.0,0.0858
177120.0,0.0822
177180.0,0.0835
177240.0,0.0722
177300.0,0.10400000000000001
177360.0,0.0905
177420.0,0.076
177480.0,0.0592
177540.0,0.0833
177600.0,0.0903
177660.0,0.0598
177720.0,0.0522
177780.0,0.08800000000000001
177840.0,0.0707
177900.0,0.08900000000000001
177960.0,0.0793
178020.0,0.0505
178080.0,0.085
178140.0,0.0907
178200.0,0.08900000000000001
178260.0,0.0428
178320.0,0.0812
178380.0,0.0898
178440.0,0.0802
178500.0,0.0815
178560.0,0.0893
178620.0,0.0567
178680.0,0.0887
178740.0,0.0643
178800.0,0.0718
178860.0,0.08
178920.0,0.0635
178980.0,0.0837
179040.0,0.096
179100.0,0.0613
179160.0,0.0827
179220.0,0.0953
179280.0,0.0587
179340.0,0.0883
179400.0,0.0755
179460.0,0.0842
179520.0,0.08800000000000001
179580.0,0.053
179640.0,0.085
179700.0,0.0737
179760.0,0.0825
179820.0,0.091
179880.0,0.0547
179940.0,0.0673
180000.0,0.0843
180060.0,0.0968
180120.0,0.0827
180180.0,0.1107
180240.0,0.0557
180300.0,0.0918
180360.0,0.0845
180420.0,0.0788
180480.0,0.0827
180540.0,0.0827
180600.0,0.0542
180660.0,0.08199999999999999
180720.0,0.0785
180780.0,0.0697
180840.0,0.0948
180900.0,0.0902
180960.0,0.0698
181020.0,0.0537
181080.0,0.10099999999999999
181140.0,0.0822
181200.0,0.0798
181260.0,0.0732
181320.0,0.0772
181380.0,0.0882
181440.0,0.0447
181500.0,0.0827
181560.0,0.0838
181620.0,0.0772
181680.0,0.0827
181740.0,0.0825
181800.0,0.0618
181860.0,0.083
181920.0,0.0943
181980.0,0.0985
182040.0,0.0433
182100.0,0.0667
182160.0,0.0688
182220.0,0.0757
182280.0,0.0857
182340.0,0.0702
182400.0,0.054000000000000006
182460.0,0.0855
182520.0,0.0882
182580.0,0.0827
182640.0,0.0582
182700.0,0.0917
182760.0,0.0743
182820.0,0.0835
182880.0,0.053
182940.0,0.0882
183000.0,0.1032
183060.0,0.0827
183120.0,0.0477
183180.0,0.0608
183240.0,0.0582
183300.0,0.0797
183360.0,0.0815
183420.0,0.0818
183480.0,0.0547
183540.0,0.0977
183600.0,0.0903
183660.0,0.07400000000000001
183720.0,0.0887
183780.0,0.067
183840.0,0.0535
183900.0,0.0557
183960.0,0.0842
184020.0,0.0848
184080.0,0.0795
184140.0,0.0937
184200.0,0.0492
184260.0,0.0583
184320.0,0.0925
184380.0,0.0992
184440.0,0.095
184500.0,0.062
184560.0,0.0867
184620.0,0.0927
184680.0,0.0938
184740.0,0.0737
184800.0,0.0813
184860.0,0.096
184920.0,0.0765
184980.0,0.055
185040.0,0.0692
185100.0,0.0958
185160.0,0.1043
185220.0,0.0973
185280.0,0.0707
185340.0,0.111
185400.0,0.0998
185460.0,0.096
185520.0,0.0558
185580.0,0.0948
185640.0,0.0862
185700.0,0.0778
185760.0,0.0813
185820.0,0.0422
185880.0,0.1052
185940.0,0.073
186000.0,0.0892
186060.0,0.0483
186120.0,0.0943
186180.0,0.0903
186240.0,0.0957
186300.0,0.0557
186360.0,0.0795
186420.0,0.0722
186480.0,0.064
186540.0,0.0898
186600.0,0.0577
186660.0,0.0918
186720.0,0.0798
186780.0,0.0828
186840.0,0.0452
186900.0,0.091
186960.0,0.078
187020.0,0.0788
187080.0,0.0877
187140.0,0.1015
187200.0,0.0907
187260.0,0.0615
187320.0,0.1042
187380.0,0.0925
187440.0,0.0985
187500.0,0.086
187560.0,0.0748
187620.0,0.0773
187680.0,0.0837
187740.0,0.0622
187800.0,0.0863
187860.0,0.1015
187920.0,0.0788
187980.0,0.0677
188040.0,0.1038
188100.0,0.0753
188160.0,0.0808
188220.0,0.051
188280.0,0.136
188340.0,0.2133
188400.0,0.1917
188460.0,0.245
188520.0,0.2115
188580.0,0.2387
188640.0,0.2062
188700.0,0.14300000000000002
188760.0,0.1697
188820.0,0.1707
188880.0,0.1647
188940.0,0.1085
189000.0,0.129
189060.0,0.1117
189120.0,0.0993
189180.0,0.1335
189240.0,0.11199999999999999
189300.0,0.1122
189360.0,0.1085
189420.0,0.2178
189480.0,0.2182
189540.0,0.2013
189600.0,0.2167
189660.0,0.1945
189720.0,0.1655
189780.0,0.1795
189840.0,0.1755
189900.0,0.1517
189960.0,0.1757
190020.0,0.1315
190080.0,0.1122
190140.0,0.1233
190200.0,0.1088
190260.0,0.1312
190320.0,0.1158
190380.0,0.0922
190440.0,0.0522
190500.0,0.0872
190560.0,0.0778
190620.0,0.0888
190680.0,0.0792
190740.0,0.071
190800.0,0.0468
190860.0,0.0807
190920.0,0.0955
190980.0,0.0927
191040.0,0.0533
191100.0,0.0748
191160.0,0.0837
191220.0,0.0892
191280.0,0.065
191340.0,0.0827
191400.0,0.084
191460.0,0.0933
191520.0,0.0908
191580.0,0.0602
191640.0,0.0853
191700.0,0.083
191760.0,0.0928
191820.0,0.051
191880.0,0.068
191940.0,0.0863
192000.0,0.0598
192060.0,0.0847
192120.0,0.0823
192180.0,0.0797
192240.0,0.078
192300.0,0.0858
192360.0,0.0578
192420.0,0.0702
192480.0,0.0927
192540.0,0.0878
192600.0,0.0882
192660.0,0.0462
192720.0,0.0853
192780.0,0.0987
192840.0,0.0788
192900.0,0.08800000000000001
192960.0,0.055
193020.0,0.0387
193080.0,0.09
193140.0,0.0852
193200.0,0.0622
193260.0,0.0858
193320.0,0.0847
193380.0,0.086
193440.0,0.0627
193500.0,0.0888
193560.0,0.0772
193620.0,0.0832
193680.0,0.0848
193740.0,0.0427
193800.0,0.0968
193860.0,0.0778
193920.0,0.071
193980.0,0.0958
194040.0,0.0807
194100.0,0.0558
194160.0,0.07200000000000001
194220.0,0.05
194280.0,0.0873
194340.0,0.0853
194400.0,0.0905
194460.0,0.046
194520.0,0.0943
194580.0,0.0933
194640.0,0.0817
194700.0,0.079
194760.0,0.051
194820.0,0.0845
194880.0,0.073
194940.0,0.0932
195000.0,0.0798
195060.0,0.0875
195120.0,0.0588
195180.0,0.067
195240.0,0.0663
195300.0,0.096
195360.0,0.08
195420.0,0.0872
195480.0,0.0463
195540.0,0.091
195600.0,0.0943
195660.0,0.0917
195720.0,0.0457
195780.0,0.0763
195840.0,0.0897
195900.0,0.0718
195960.0,0.083
196020.0,0.0432
196080.0,0.0792
196140.0,0.09699999999999999
196200.0,0.081
196260.0,0.08199999999999999
196320.0,0.0835
196380.0,0.042
196440.0,0.0545
196500.0,0.08199999999999999
196560.0,0.0885
196620.0,0.0875
196680.0,0.0432
196740.0,0.0908
196800.0,0.073
196860.0,0.0925
196920.0,0.0843
196980.0,0.0535
197040.0,0.0972
197100.0,0.0947
197160.0,0.0878
197220.0,0.0652
197280.0,0.0813
197340.0,0.0873
197400.0,0.0947
197460.0,0.0618
197520.0,0.0492
197580.0,0.099
197640.0,0.0952
197700.0,0.081
197760.0,0.061
197820.0,0.0735
197880.0,0.0868
197940.0,0.09
198000.0,0.0792
198060.0,0.0883
198120.0,0.0553
198180.0,0.0623
198240.0,0.0888
198300.0,0.0905
198360.0,0.0665
198420.0,0.0757
198480.0,0.0607
198540.0,0.09
198600.0,0.08900000000000001
198660.0,0.0597
198720.0,0.0808
198780.0,0.0928
198840.0,0.0865
198900.0,0.0567
198960.0,0.0862
199020.0,0.0848
199080.0,0.0905
199140.0,0.0858
199200.0,0.096
199260.0,0.0522
199320.0,0.0778
199380.0,0.0762
199440.0,0.051
199500.0,0.0868
199560.0,0.0717
199620.0,0.0635
199680.0,0.0945
199740.0,0.0992
199800.0,0.0585
199860.0,0.076
199920.0,0.0887
199980.0,0.0865
200040.0,0.0858
200100.0,0.0862
200160.0,0.0463
200220.0,0.0858
200280.0,0.0822
200340.0,0.0835
200400.0,0.086
200460.0,0.0425
200520.0,0.083
200580.0,0.073
200640.0,0.0903
200700.0,0.0903
200760.0,0.0503
200820.0,0.0515
200880.0,0.0827
200940.0,0.1005
201000.0,0.0977
201060.0,0.0962
201120.0,0.0622
201180.0,0.0472
201240.0,0.0882
201300.0,0.0813
201360.0,0.077
201420.0,0.0497
201480.0,0.0747
201540.0,0.102
201600.0,0.095
201660.0,0.0837
201720.0,0.0988
201780.0,0.0568
201840.0,0.0543
201900.0,0.081
201960.0,0.0878
202020.0,0.0885
202080.0,0.0875
202140.0,0.0582
202200.0,0.0843
202260.0,0.0803
202320.0,0.0803
202380.0,0.0622
202440.0,0.0968
202500.0,0.0947
202560.0,0.0863
202620.0,0.0507
202680.0,0.0942
202740.0,0.0952
202800.0,0.0892
202860.0,0.1138
202920.0,0.0393
202980.0,0.0535
203040.0,0.0768
203100.0,0.0795
203160.0,0.0527
203220.0,0.0757
203280.0,0.0997
203340.0,0.0897
203400.0,0.0883
203460.0,0.0868
203520.0,0.091
203580.0,0.0523
203640.0,0.0818
203700.0,0.0908
203760.0,0.057
203820.0,0.1137
203880.0,0.0798
203940.0,0.0528
204000.0,0.0698
204060.0,0.0597
204120.0,0.08800000000000001
204180.0,0.099
204240.0,0.0888
204300.0,0.1068
204360.0,0.091
204420.0,0.0552
204480.0,0.0545
204540.0,0.10400000000000001
204600.0,0.1067
204660.0,0.0853
204720.0,0.0472
204780.0,0.0815
204840.0,0.1042
204900.0,0.0892
204960.0,0.0792
205020.0,0.0818
205080.0,0.055
205140.0,0.0775
205200.0,0.0468
205260.0,0.092
205320.0,0.0608
205380.0,0.076
205440.0,0.085
205500.0,0.0835
205560.0,0.0898
205620.0,0.2178
205680.0,0.0855
205740.0,0.098
205800.0,0.0897
205860.0,0.0758
205920.0,0.0868
205980.0,0.0488
206040.0,0.0897
206100.0,0.0837
206160.0,0.0488
206220.0,0.0443
206280.0,0.2328
206340.0,0.1623
206400.0,0.1428
206460.0,0.1457
206520.0,0.1095
206580.0,0.1265
206640.0,0.1495
206700.0,0.1223
206760.0,0.1207
206820.0,0.1223
206880.0,0.1197
206940.0,0.1315
207000.0,0.1235
207060.0,0.096
207120.0,0.1237
207180.0,0.1078
207240.0,0.1223
207300.0,0.1183
207360.0,0.1175
207420.0,0.1012
207480.0,0.1265
207540.0,0.1027
207600.0,0.1135
207660.0,0.1262
207720.0,0.1203
207780.0,0.1535
207840.0,0.1778
207900.0,0.1358
207960.0,0.1023
208020.0,0.1287
208080.0,0.14300000000000002
208140.0,0.15
208200.0,0.1662
208260.0,0.1672
208320.0,0.0972
208380.0,0.1232
208440.0,0.134
208500.0,0.1217
208560.0,0.1105
208620.0,0.1332
208680.0,0.1397
208740.0,0.1165
208800.0,0.1442
208860.0,0.149
208920.0,0.1458
208980.0,0.1405
209040.0,0.1308
209100.0,0.1325
209160.0,0.1325
209220.0,0.1518
209280.0,0.1125
209340.0,0.1678
209400.0,0.1527
209460.0,0.1398
209520.0,0.1668
209580.0,0.1403
209640.0,0.1502
209700.0,0.1303
209760.0,0.1137
209820.0,0.1595
209880.0,0.1507
209940.0,0.1367
210000.0,0.1595
210060.0,0.1705
210120.0,0.1485
210180.0,0.1408
210240.0,0.1618
210300.0,0.1017
210360.0,0.1423
210420.0,0.1328
210480.0,0.1397
210540.0,0.146
210600.0,0.1328
210660.0,0.1025
210720.0,0.1337
210780.0,0.1218
210840.0,0.1152
210900.0,0.1053
210960.0,0.127
211020.0,0.1277
211080.0,0.1203
211140.0,0.1302
211200.0,0.1202
211260.0,0.1137
211320.0,0.1392
211380.0,0.14300000000000002
211440.0,0.1532
211500.0,0.1423
211560.0,0.1328
211620.0,0.1227
211680.0,0.1327
211740.0,0.1433
211800.0,0.141
211860.0,0.1027
211920.0,0.1312
211980.0,0.1288
212040.0,0.1142
212100.0,0.0847
212160.0,0.128
212220.0,0.1227
212280.0,0.127
212340.0,0.1347
212400.0,0.0908
212460.0,0.1252
212520.0,0.1438
212580.0,0.1552
212640.0,0.1303
212700.0,0.1242
212760.0,0.1423
212820.0,0.099
212880.0,0.1287
212940.0,0.1348
213000.0,0.1393
213060.0,0.134
213120.0,0.1398
213180.0,0.1275
213240.0,0.10800000000000001
213300.0,0.1057
213360.0,0.1278
213420.0,0.1292
213480.0,0.1425
213540.0,0.1463
213600.0,0.1407
213660.0,0.1102
213720.0,0.1225
213780.0,0.1077
213840.0,0.1162
213900.0,0.1242
213960.0,0.1285
214020.0,0.0972
214080.0,0.1192
214140.0,0.1188
214200.0,0.1077
214260.0,0.1002
214320.0,0.1253
214380.0,0.1205
214440.0,0.128
214500.0,0.0818
214560.0,0.0848
214620.0,0.1147
214680.0,0.1317
214740.0,0.1107
214800.0,0.11
214860.0,0.1113
214920.0,0.1315
214980.0,0.12300000000000001
215040.0,0.1473
215100.0,0.1253
215160.0,0.114
215220.0,0.1015
215280.0,0.1247
215340.0,0.1497
215400.0,0.1527
215460.0,0.1193
215520.0,0.1315
215580.0,0.0978
215640.0,0.0965
215700.0,0.098
215760.0,0.1105
215820.0,0.1143
215880.0,0.1095
215940.0,0.0935
216000.0,0.0
216060.0,0.1308
216120.0,0.1113
216180.0,0.1285
216240.0,0.1208
216300.0,0.1307
216360.0,0.1633
216420.0,0.1213
216480.0,0.1128
216540.0,0.0748
216600.0,0.1015
216660.0,0.1388
216720.0,0.1342
216780.0,0.12
216840.0,0.1068
216900.0,0.1388
216960.0,0.1195
217020.0,0.1212
217080.0,0.0947
217140.0,0.1358
217200.0,0.1362
217260.0,0.1397
217320.0,0.1072
217380.0,0.1222
217440.0,0.0815
217500.0,0.128
217560.0,0.1452
217620.0,0.1413
217680.0,0.1158
217740.0,0.0992
217800.0,0.1065
217860.0,0.1118
217920.0,0.1202
217980.0,0.1073
218040.0,0.0857
218100.0,0.0968
218160.0,0.0587
218220.0,0.1173
218280.0,0.1023
218340.0,0.0872
218400.0,0.1
218460.0,0.0965
218520.0,0.1077
218580.0,0.1117
218640.0,0.0893
218700.0,0.1062
218760.0,0.1035
218820.0,0.0725
218880.0,0.1205
218940.0,0.0985
219000.0,0.0967
219060.0,0.0897
219120.0,0.09300000000000001
219180.0,0.1048
219240.0,0.0903
219300.0,0.0737
219360.0,0.0875
219420.0,0.0977
219480.0,0.0977
219540.0,0.0853
219600.0,0.0762
219660.0,0.0882
219720.0,0.0872
219780.0,0.08800000000000001
219840.0,0.0882
219900.0,0.1008
219960.0,0.105
220020.0,0.1023
220080.0,0.1243
220140.0,0.1012
220200.0,0.061
220260.0,0.096
220320.0,0.0878
220380.0,0.08
220440.0,0.0792
220500.0,0.0908
220560.0,0.0732
220620.0,0.105
220680.0,0.1085
220740.0,0.0977
220800.0,0.0738
220860.0,0.0877
220920.0,0.0893
220980.0,0.0888
221040.0,0.08
221100.0,0.077
221160.0,0.079
221220.0,0.085
221280.0,0.083
221340.0,0.0825
221400.0,0.0755
221460.0,0.0843
221520.0,0.0762
221580.0,0.0892
221640.0,0.0837
221700.0,0.0843
221760.0,0.0945
221820.0,0.095
221880.0,0.081
221940.0,0.0623
222000.0,0.0793
222060.0,0.0578
222120.0,0.0897
222180.0,0.0822
222240.0,0.096
222300.0,0.0732
222360.0,0.0805
222420.0,0.0838
222480.0,0.0793
222540.0,0.0897
222600.0,0.08800000000000001
222660.0,0.0955
222720.0,0.0822
222780.0,0.0837
222840.0,0.0787
222900.0,0.075
222960.0,0.0843
223020.0,0.0718
223080.0,0.0792
223140.0,0.0732
223200.0,0.0675
223260.0,0.6173
223320.0,0.3395
223380.0,0.3398
223440.0,0.3327
223500.0,0.3502
223560.0,0.3228
223620.0,0.3367
223680.0,0.3337
223740.0,0.3262
223800.0,0.6072
223860.0,0.6352
223920.0,0.6315
223980.0,0.6112
224040.0,0.6012
224100.0,0.6073
224160.0,0.622
224220.0,0.5678
224280.0,0.5777
224340.0,0.5892
224400.0,0.6027
224460.0,0.5945
224520.0,0.7028
224580.0,0.6567
224640.0,0.7258
224700.0,0.5072
224760.0,0.4253
224820.0,0.4112
224880.0,0.3255
224940.0,0.3525
225000.0,0.3247
225060.0,0.326
225120.0,0.3398
225180.0,0.7195
225240.0,0.6455
225300.0,0.6148
225360.0,0.5963
225420.0,0.5868
225480.0,0.629
225540.0,0.6288
225600.0,0.591
225660.0,0.6048
225720.0,0.5837
225780.0,0.59
225840.0,0.5548
225900.0,0.6667
225960.0,0.6523
226020.0,0.5493
226080.0,0.078
226140.0,0.0843
226200.0,0.07200000000000001
226260.0,0.0462
226320.0,0.0727
226380.0,0.0808
226440.0,0.0795
226500.0,0.0715
226560.0,0.0752
226620.0,0.0693
226680.0,0.0458
226740.0,0.0542
226800.0,0.0732
226860.0,0.0798
226920.0,0.0733
226980.0,0.0732
227040.0,0.0803
227100.0,0.0427
227160.0,0.0832
227220.0,0.0918
227280.0,0.0827
227340.0,0.0963
227400.0,0.0872
227460.0,0.0937
227520.0,0.1152
227580.0,0.1037
227640.0,0.1063
227700.0,0.0845
227760.0,0.0757
227820.0,0.0757
227880.0,0.084
227940.0,0.1107
228000.0,0.0762
228060.0,0.09
228120.0,0.0712
228180.0,0.1163
228240.0,0.6103
228300.0,0.26899999999999996
228360.0,0.0707
228420.0,0.0322
228480.0,0.0473
228540.0,0.0803
228600.0,0.0378
228660.0,0.0745
228720.0,0.0717
228780.0,0.0732
228840.0,0.0468
228900.0,0.0652
228960.0,0.051
229020.0,0.0335
229080.0,0.047
229140.0,0.0778
229200.0,0.038
229260.0,0.0403
229320.0,0.0652
229380.0,0.0742
229440.0,0.0485
229500.0,0.0673
229560.0,0.0407
229620.0,0.032
229680.0,0.0737
229740.0,0.0792
229800.0,0.0468
229860.0,0.0425
229920.0,0.0693
229980.0,0.0748
230040.0,0.0788
230100.0,0.0645
230160.0,0.0825
230220.0,0.071
230280.0,0.0763
230340.0,0.0417
230400.0,0.0448
230460.0,0.0677
230520.0,0.0755
230580.0,0.0352
230640.0,0.0692
230700.0,0.0387
230760.0,0.069
230820.0,0.073
230880.0,0.0722
230940.0,0.0498
231000.0,0.0667
231060.0,0.0395
231120.0,0.0707
231180.0,0.0477
231240.0,0.0825
231300.0,0.0495
231360.0,0.0702
231420.0,0.0408
231480.0,0.0672
231540.0,0.0652
231600.0,0.0558
231660.0,0.0338
231720.0,0.0682
231780.0,0.0625
231840.0,0.0443
231900.0,0.069
231960.0,0.0373
232020.0,0.0677
232080.0,0.0447
232140.0,0.079
232200.0,0.0443
232260.0,0.069
232320.0,0.039
232380.0,0.0352
232440.0,0.0397
232500.0,0.0763
232560.0,0.0377
232620.0,0.045
232680.0,0.0367
232740.0,0.1008
232800.0,0.0787
232860.0,0.0672
232920.0,0.0722
232980.0,0.0703
233040.0,0.0742
233100.0,0.0685
233160.0,0.0805
233220.0,0.0422
233280.0,0.0895
233340.0,0.0508
233400.0,0.0838
233460.0,0.0443
233520.0,0.0763
233580.0,0.039
233640.0,0.0975
233700.0,0.0255
233760.0,0.0318
233820.0,0.0568
233880.0,0.0348
233940.0,0.0297
234000.0,0.0633
234060.0,0.0622
234120.0,0.0325
234180.0,0.0582
234240.0,0.0382
234300.0,0.033
234360.0,0.0258
234420.0,0.032
234480.0,0.0273
234540.0,0.0383
234600.0,0.0265
234660.0,0.065
234720.0,0.0308
234780.0,0.037000000000000005
234840.0,0.0628
234900.0,0.0657
234960.0,0.0295
235020.0,0.0613
235080.0,0.06
235140.0,0.0783
235200.0,0.0272
235260.0,0.0625
235320.0,0.027999999999999997
235380.0,0.0328
235440.0,0.0328
235500.0,0.0312
235560.0,0.0588
235620.0,0.0332
235680.0,0.0625
235740.0,0.07
235800.0,0.0675
235860.0,0.0653
235920.0,0.0285
235980.0,0.0637
236040.0,0.0658
236100.0,0.0335
236160.0,0.061
236220.0,0.0332
236280.0,0.0292
236340.0,0.0545
236400.0,0.046
236460.0,0.0595
236520.0,0.0337
236580.0,0.025
236640.0,0.0425
236700.0,0.0575
236760.0,0.035
236820.0,0.0588
236880.0,0.0302
236940.0,0.0732
237000.0,0.0608
237060.0,0.0652
237120.0,0.0652
237180.0,0.057999999999999996
237240.0,0.0678
237300.0,0.0605
237360.0,0.0662
237420.0,0.0335
237480.0,0.0627
237540.0,0.0688
237600.0,0.0605
237660.0,0.042
237720.0,0.0658
237780.0,0.0675
237840.0,0.07400000000000001
237900.0,0.0597
237960.0,0.0658
238020.0,0.0638
238080.0,0.064
238140.0,0.0732
238200.0,0.0655
238260.0,0.0662
238320.0,0.0405
238380.0,0.0678
238440.0,0.0887
238500.0,0.06
238560.0,0.0638
238620.0,0.0657
238680.0,0.0462
238740.0,0.0658
238800.0,0.0633
238860.0,0.0682
238920.0,0.0705
238980.0,0.0632
239040.0,0.0682
239100.0,0.0603
239160.0,0.0795
239220.0,0.0815
239280.0,0.0367
239340.0,0.0715
239400.0,0.0633
239460.0,0.069
239520.0,0.0748
239580.0,0.0643
239640.0,0.0868
239700.0,0.0762
239760.0,0.0732
239820.0,0.0718
239880.0,0.0617
239940.0,0.07
240000.0,0.0623
240060.0,0.039
240120.0,0.0762
240180.0,0.0353
240240.0,0.0747
240300.0,0.0678
240360.0,0.0647
240420.0,0.0747
240480.0,0.0627
240540.0,0.0807
240600.0,0.0643
240660.0,0.0808
240720.0,0.0368
240780.0,0.0593
240840.0,0.069
240900.0,0.0633
240960.0,0.0705
241020.0,0.0762
241080.0,0.0658
241140.0,0.0725
241200.0,0.0623
241260.0,0.0832
241320.0,0.069
241380.0,0.0497
241440.0,0.0823
241500.0,0.0643
241560.0,0.0715
241620.0,0.0687
241680.0,0.0527
241740.0,0.0773
241800.0,0.0782
241860.0,0.0808
241920.0,0.0863
241980.0,0.0718
242040.0,0.0853
242100.0,0.0637
242160.0,0.0708
242220.0,0.0312
242280.0,0.0745
242340.0,0.0823
242400.0,0.07200000000000001
242460.0,0.0737
242520.0,0.0648
242580.0,0.0513
242640.0,0.052000000000000005
242700.0,0.0695
242760.0,0.0705
242820.0,0.0298
242880.0,0.0832
242940.0,0.0708
243000.0,0.0713
243060.0,0.0733
243120.0,0.0668
243180.0,0.0697
243240.0,0.073
243300.0,0.0727
243360.0,0.0687
243420.0,0.0652
243480.0,0.0703
243540.0,0.0438
243600.0,0.046
243660.0,0.066
243720.0,0.0738
243780.0,0.0605
243840.0,0.07200000000000001
243900.0,0.0722
243960.0,0.0668
244020.0,0.0412
244080.0,0.078
244140.0,0.0862
244200.0,0.0807
244260.0,0.07200000000000001
244320.0,0.0738
244380.0,0.0822
244440.0,0.0878
244500.0,0.0567
244560.0,0.0813
244620.0,0.0758
244680.0,0.0798
244740.0,0.084
244800.0,0.071
244860.0,0.0477
244920.0,0.073
244980.0,0.04
245040.0,0.0817
245100.0,0.0825
245160.0,0.0717
245220.0,0.0937
245280.0,0.0707
245340.0,0.0853
245400.0,0.0607
245460.0,0.08199999999999999
245520.0,0.0747
245580.0,0.0757
245640.0,0.084
245700.0,0.0967
245760.0,0.0737
245820.0,0.09
245880.0,0.0522
245940.0,0.0993
246000.0,0.0783
246060.0,0.0808
246120.0,0.0788
246180.0,0.064
246240.0,0.0588
246300.0,0.0828
246360.0,0.0788
246420.0,0.0692
246480.0,0.0817
246540.0,0.0847
246600.0,0.071
246660.0,0.0742
246720.0,0.0717
246780.0,0.0697
246840.0,0.0453
246900.0,0.068
246960.0,0.0758
247020.0,0.0823
247080.0,0.0717
247140.0,0.0888
247200.0,0.0763
247260.0,0.055
247320.0,0.0785
247380.0,0.0723
247440.0,0.0957
247500.0,0.0448
247560.0,0.0847
247620.0,0.0592
247680.0,0.0892
247740.0,0.094
247800.0,0.0867
247860.0,0.0498
247920.0,0.0757
247980.0,0.0823
248040.0,0.0902
248100.0,0.0825
248160.0,0.076
248220.0,0.0405
248280.0,0.0915
248340.0,0.0798
248400.0,0.0728
248460.0,0.083
248520.0,0.0733
248580.0,0.0735
248640.0,0.08199999999999999
248700.0,0.0453
248760.0,0.0573
248820.0,0.079
248880.0,0.0778
248940.0,0.0718
249000.0,0.0567
249060.0,0.0815
249120.0,0.0808
249180.0,0.0953
249240.0,0.0995
249300.0,0.1035
249360.0,0.0607
249420.0,0.05
249480.0,0.0988
249540.0,0.0978
249600.0,0.0818
249660.0,0.0783
249720.0,0.0777
249780.0,0.0693
249840.0,0.08
249900.0,0.085
249960.0,0.0753
250020.0,0.0777
250080.0,0.0883
250140.0,0.057
250200.0,0.0775
250260.0,0.0713
250320.0,0.079
250380.0,0.0837
250440.0,0.0807
250500.0,0.08199999999999999
250560.0,0.0737
250620.0,0.0592
250680.0,0.0705
250740.0,0.0937
250800.0,0.091
250860.0,0.0823
250920.0,0.1018
250980.0,0.0722
251040.0,0.078
251100.0,0.0822
251160.0,0.0787
251220.0,0.0835
251280.0,0.0495
251340.0,0.1017
251400.0,0.0828
251460.0,0.0815
251520.0,0.0868
251580.0,0.0425
251640.0,0.053
251700.0,0.0862
251760.0,0.0765
251820.0,0.0762
251880.0,0.0863
251940.0,0.0915
252000.0,0.0725
252060.0,0.0915
252120.0,0.0867
252180.0,0.0467
252240.0,0.0913
252300.0,0.0738
252360.0,0.0735
252420.0,0.0593
252480.0,0.0825
252540.0,0.08800000000000001
252600.0,0.0763
252660.0,0.0802
252720.0,0.0795
252780.0,0.0827
252840.0,0.0645
252900.0,0.0727
252960.0,0.0843
253020.0,0.0843
253080.0,0.0838
253140.0,0.0685
253200.0,0.0928
253260.0,0.0835
253320.0,0.079
253380.0,0.0547
253440.0,0.0883
253500.0,0.0502
253560.0,0.0848
253620.0,0.0795
253680.0,0.09699999999999999
253740.0,0.0838
253800.0,0.0585
253860.0,0.0832
253920.0,0.0767
253980.0,0.0807
254040.0,0.09
254100.0,0.084
254160.0,0.0488
254220.0,0.0718
254280.0,0.0812
254340.0,0.0767
254400.0,0.094
254460.0,0.0557
254520.0,0.0558
254580.0,0.0947
254640.0,0.0493
254700.0,0.0832
254760.0,0.0885
254820.0,0.0792
254880.0,0.0923
254940.0,0.0583
255000.0,0.0997
255060.0,0.0808
255120.0,0.077
255180.0,0.0798
255240.0,0.0435
255300.0,0.0883
255360.0,0.07400000000000001
255420.0,0.075
255480.0,0.0843
255540.0,0.0772
255600.0,0.0537
255660.0,0.046
255720.0,0.0843
255780.0,0.0687
255840.0,0.084
255900.0,0.0873
255960.0,0.0817
256020.0,0.085
256080.0,0.0532
256140.0,0.0887
256200.0,0.1042
256260.0,0.08
256320.0,0.0953
256380.0,0.0602
256440.0,0.0915
256500.0,0.0823
256560.0,0.0853
256620.0,0.0565
256680.0,0.0532
256740.0,0.0688
256800.0,0.0893
256860.0,0.0885
256920.0,0.0793
256980.0,0.0683
257040.0,0.0788
257100.0,0.091
257160.0,0.0843
257220.0,0.0752
257280.0,0.0843
257340.0,0.0488
257400.0,0.0802
257460.0,0.0832
257520.0,0.0712
257580.0,0.0825
257640.0,0.0923
257700.0,0.0522
257760.0,0.0842
257820.0,0.0828
257880.0,0.081
257940.0,0.068
258000.0,0.0743
258060.0,0.0528
258120.0,0.0882
258180.0,0.1002
258240.0,0.0983
258300.0,0.0515
258360.0,0.0823
258420.0,0.0757
258480.0,0.08900000000000001
258540.0,0.0972
258600.0,0.0732
258660.0,0.0795
258720.0,0.0685
258780.0,0.084
258840.0,0.083
258900.0,0.0848
258960.0,0.0783
259020.0,0.0473
259080.0,0.0605
259140.0,0.0727
259200.0,0.1002
259260.0,0.085
259320.0,0.0717
259380.0,0.083
259440.0,0.0473
259500.0,0.0975
259560.0,0.084
259620.0,0.0872
259680.0,0.0887
259740.0,0.0772
259800.0,0.0723
259860.0,0.0833
259920.0,0.0825
259980.0,0.0863
260040.0,0.0807
260100.0,0.0863
260160.0,0.049
260220.0,0.078
260280.0,0.0633
260340.0,0.0855
260400.0,0.0863
260460.0,0.051
260520.0,0.0858
260580.0,0.0822
260640.0,0.0705
260700.0,0.0883
260760.0,0.081
260820.0,0.0483
260880.0,0.0987
260940.0,0.0718
261000.0,0.0883
261060.0,0.0788
261120.0,0.0825
261180.0,0.0427
261240.0,0.0825
261300.0,0.0915
261360.0,0.0773
261420.0,0.08
261480.0,0.0668
261540.0,0.0752
261600.0,0.0915
261660.0,0.05
261720.0,0.09
261780.0,0.0948
261840.0,0.0537
261900.0,0.0882
261960.0,0.0787
262020.0,0.08
262080.0,0.0548
262140.0,0.0845
262200.0,0.0965
262260.0,0.0442
262320.0,0.0833
262380.0,0.0708
262440.0,0.0837
262500.0,0.084
262560.0,0.0437
262620.0,0.0738
262680.0,0.0843
262740.0,0.0485
262800.0,0.0837
262860.0,0.0755
262920.0,0.0798
262980.0,0.0802
263040.0,0.08800000000000001
263100.0,0.0598
263160.0,0.0747
263220.0,0.08800000000000001
263280.0,0.0762
263340.0,0.0853
263400.0,0.0933
263460.0,0.0585
263520.0,0.0827
263580.0,0.0893
263640.0,0.0943
263700.0,0.0698
263760.0,0.0545
263820.0,0.0867
263880.0,0.0975
263940.0,0.057
264000.0,0.0808
264060.0,0.0853
264120.0,0.0863
264180.0,0.0867
264240.0,0.0748
264300.0,0.0582
264360.0,0.0832
264420.0,0.0673
264480.0,0.1035
264540.0,0.0812
264600.0,0.084
264660.0,0.0498
264720.0,0.0747
264780.0,0.0805
264840.0,0.0532
264900.0,0.0787
264960.0,0.0447
265020.0,0.0708
265080.0,0.0823
265140.0,0.0708
265200.0,0.0563
265260.0,0.085
265320.0,0.0945
265380.0,0.0985
265440.0,0.054000000000000006
265500.0,0.1052
265560.0,0.0748
265620.0,0.08900000000000001
265680.0,0.0852
265740.0,0.0853
265800.0,0.0882
265860.0,0.0545
265920.0,0.0842
265980.0,0.0483
266040.0,0.0898
266100.0,0.086
266160.0,0.0518
266220.0,0.0812
266280.0,0.1007
266340.0,0.0807
266400.0,0.0938
266460.0,0.0832
266520.0,0.0497
266580.0,0.0737
266640.0,0.08900000000000001
266700.0,0.0777
266760.0,0.0855
266820.0,0.0768
266880.0,0.0745
266940.0,0.0508
267000.0,0.1093
267060.0,0.1005
267120.0,0.0557
267180.0,0.063
267240.0,0.0893
267300.0,0.0873
267360.0,0.055
267420.0,0.0828
267480.0,0.0895
267540.0,0.0918
267600.0,0.0933
267660.0,0.0795
267720.0,0.0452
267780.0,0.0865
267840.0,0.0763
267900.0,0.0838
267960.0,0.0788
268020.0,0.071
268080.0,0.0553
268140.0,0.0698
268200.0,0.0832
268260.0,0.0522
268320.0,0.0705
268380.0,0.077
268440.0,0.0747
268500.0,0.0488
268560.0,0.0782
268620.0,0.0803
268680.0,0.0822
268740.0,0.0808
268800.0,0.0952
268860.0,0.0497
268920.0,0.0905
268980.0,0.0767
269040.0,0.0867
269100.0,0.0867
269160.0,0.0763
269220.0,0.0577
269280.0,0.077
269340.0,0.0935
269400.0,0.0907
269460.0,0.0572
269520.0,0.0708
269580.0,0.0422
269640.0,0.08
269700.0,0.0847
269760.0,0.0798
269820.0,0.0725
269880.0,0.0547
269940.0,0.0838
270000.0,0.0855
270060.0,0.0868
270120.0,0.0695
270180.0,0.0495
270240.0,0.081
270300.0,0.0893
270360.0,0.08
270420.0,0.0498
270480.0,0.057
270540.0,0.0485
270600.0,0.0903
270660.0,0.0938
270720.0,0.0887
270780.0,0.0997
270840.0,0.0607
270900.0,0.0912
270960.0,0.1027
271020.0,0.0968
271080.0,0.0558
271140.0,0.1037
271200.0,0.10099999999999999
271260.0,0.054000000000000006
271320.0,0.0817
271380.0,0.0792
271440.0,0.0812
271500.0,0.3192
271560.0,0.1338
271620.0,0.1318
271680.0,0.1222
271740.0,0.1008
271800.0,0.136
271860.0,0.151
271920.0,0.16
271980.0,0.1623
272040.0,0.128
272100.0,0.1458
272160.0,0.146
272220.0,0.1373
272280.0,0.1307
272340.0,0.1477
272400.0,0.1133
272460.0,0.154
272520.0,0.1563
272580.0,0.1552
272640.0,0.1542
272700.0,0.1433
272760.0,0.1495
272820.0,0.1083
272880.0,0.1333
272940.0,0.1513
273000.0,0.1697
273060.0,0.1553
273120.0,0.1322
273180.0,0.0993
273240.0,0.1363
273300.0,0.134
273360.0,0.1422
273420.0,0.1342
273480.0,0.1397
273540.0,0.1157
273600.0,0.11599999999999999
273660.0,0.1455
273720.0,0.1415
273780.0,0.1118
273840.0,0.1447
273900.0,0.1375
273960.0,0.1222
274020.0,0.1462
274080.0,0.12300000000000001
274140.0,0.1435
274200.0,0.1592
274260.0,0.1448
274320.0,0.147
274380.0,0.17300000000000001
274440.0,0.1108
274500.0,0.1008
274560.0,0.1557
274620.0,0.153
274680.0,0.1557
274740.0,0.168
274800.0,0.1468
274860.0,0.1443
274920.0,0.12
274980.0,0.1412
275040.0,0.09300000000000001
275100.0,0.1518
275160.0,0.1142
275220.0,0.1232
275280.0,0.1763
275340.0,0.1157
275400.0,0.1307
275460.0,0.0973
275520.0,0.1308
275580.0,0.1282
275640.0,0.1445
275700.0,0.1123
275760.0,0.1523
275820.0,0.138
275880.0,0.1485
275940.0,0.1468
276000.0,0.1365
276060.0,0.1497
276120.0,0.151
276180.0,0.1313
276240.0,0.1482
276300.0,0.132
276360.0,0.153
276420.0,0.1243
276480.0,0.1618
276540.0,0.16699999999999998
276600.0,0.1343
276660.0,0.1037
276720.0,0.1192
276780.0,0.1395
276840.0,0.1453
276900.0,0.1143
276960.0,0.1345
277020.0,0.1272
277080.0,0.1365
277140.0,0.1183
277200.0,0.1267
277260.0,0.1055
277320.0,0.1283
277380.0,0.1288
277440.0,0.1565
277500.0,0.1382
277560.0,0.13699999999999998
277620.0,0.1362
277680.0,0.1498
277740.0,0.1512
277800.0,0.1362
277860.0,0.1443
277920.0,0.1493
277980.0,0.1383
278040.0,0.1665
278100.0,0.1447
278160.0,0.155
278220.0,0.1472
278280.0,0.1163
278340.0,0.1688
278400.0,0.1577
278460.0,0.1215
278520.0,0.1055
278580.0,0.1545
278640.0,0.1312
278700.0,0.155
278760.0,0.10300000000000001
278820.0,0.1365
278880.0,0.151
278940.0,0.1312
279000.0,0.1403
279060.0,0.134
279120.0,0.1338
279180.0,0.1068
279240.0,0.1367
279300.0,0.1445
279360.0,0.133
279420.0,0.1347
279480.0,0.1172
279540.0,0.1385
279600.0,0.1537
279660.0,0.1327
279720.0,0.1447
279780.0,0.1547
279840.0,0.151
279900.0,0.115
279960.0,0.1333
280020.0,0.1445
280080.0,0.1317
280140.0,0.1527
280200.0,0.1118
280260.0,0.147
280320.0,0.1387
280380.0,0.1642
280440.0,0.1408
280500.0,0.1542
280560.0,0.1383
280620.0,0.1388
280680.0,0.1263
280740.0,0.1268
280800.0,0.1007
280860.0,0.1198
280920.0,0.1373
280980.0,0.1358
281040.0,0.1512
281100.0,0.1398
281160.0,0.12
281220.0,0.1405
281280.0,0.132
281340.0,0.1333
281400.0,0.1417
281460.0,0.1477
281520.0,0.1387
281580.0,0.1718
281640.0,0.1842
281700.0,0.1718
281760.0,0.1567
281820.0,0.1262
281880.0,0.1323
281940.0,0.1552
282000.0,0.1568
282060.0,0.168
282120.0,0.1377
282180.0,0.1172
282240.0,0.1267
282300.0,0.1558
282360.0,0.1203
282420.0,0.1345
282480.0,0.1528
282540.0,0.1255
282600.0,0.1258
282660.0,0.1207
282720.0,0.1472
282780.0,0.0945
282840.0,0.1447
282900.0,0.1337
282960.0,0.1525
283020.0,0.1073
283080.0,0.1345
283140.0,0.1435
283200.0,0.1493
283260.0,0.1182
283320.0,0.1642
283380.0,0.1578
283440.0,0.1648
283500.0,0.1512
283560.0,0.1522
283620.0,0.126
283680.0,0.171
283740.0,0.1727
283800.0,0.1682
283860.0,0.1667
283920.0,0.0965
283980.0,0.1315
284040.0,0.1453
284100.0,0.136
284160.0,0.1207
284220.0,0.1442
284280.0,0.1297
284340.0,0.1718
284400.0,0.2075
284460.0,0.1517
284520.0,0.1498
284580.0,0.1547
284640.0,0.124
284700.0,0.1475
284760.0,0.1585
284820.0,0.1052
284880.0,0.1683
284940.0,0.1625
285000.0,0.153
285060.0,0.1793
285120.0,0.1413
285180.0,0.1192
285240.0,0.1395
285300.0,0.1445
285360.0,0.1492
285420.0,0.1472
285480.0,0.1513
285540.0,0.1347
285600.0,0.1775
285660.0,0.1563
285720.0,0.1467
285780.0,0.1182
285840.0,0.1308
285900.0,0.1477
285960.0,0.141
286020.0,0.1297
286080.0,0.1577
286140.0,0.1222
286200.0,0.1283
286260.0,0.1393
286320.0,0.141
286380.0,0.1428
286440.0,0.1305
286500.0,0.1092
286560.0,0.1325
286620.0,0.1485
286680.0,0.1342
286740.0,0.1402
286800.0,0.1375
286860.0,0.1178
286920.0,0.1648
286980.0,0.151
287040.0,0.161
287100.0,0.1393
287160.0,0.1455
287220.0,0.1703
287280.0,0.1257
287340.0,0.1548
287400.0,0.1442
287460.0,0.155
287520.0,0.1282
287580.0,0.1363
287640.0,0.13699999999999998
287700.0,0.1357
287760.0,0.1268
287820.0,0.1215
287880.0,0.1152
287940.0,0.121
288000.0,0.1212
288060.0,0.1445
288120.0,0.1368
288180.0,0.1418
288240.0,0.1325
288300.0,0.1315
288360.0,0.1492
288420.0,0.0952
288480.0,0.1158
288540.0,0.147
288600.0,0.1628
288660.0,0.1232
288720.0,0.149
288780.0,0.1068
288840.0,0.1463
288900.0,0.1248
288960.0,0.1568
289020.0,0.153
289080.0,0.1485
289140.0,0.1897
289200.0,0.138
289260.0,0.1682
289320.0,0.1063
289380.0,0.1448
289440.0,0.1468
289500.0,0.14
289560.0,0.1455
289620.0,0.1248
289680.0,0.1432
289740.0,0.1245
289800.0,0.0897
289860.0,0.1413
289920.0,0.1027
289980.0,0.13699999999999998
290040.0,0.1205
290100.0,0.1323
290160.0,0.156
290220.0,0.1268
290280.0,0.1342
290340.0,0.1287
290400.0,0.1535
290460.0,0.1633
290520.0,0.1302
290580.0,0.1572
290640.0,0.1595
290700.0,0.1607
290760.0,0.1468
290820.0,0.1565
290880.0,0.1483
290940.0,0.1395
291000.0,0.1343
291060.0,0.1048
291120.0,0.1418
291180.0,0.1508
291240.0,0.12
291300.0,0.1397
291360.0,0.1395
291420.0,0.127
291480.0,0.1612
291540.0,0.1275
291600.0,0.1288
291660.0,0.1093
291720.0,0.1427
291780.0,0.1298
291840.0,0.1015
291900.0,0.1495
291960.0,0.3325
292020.0,0.1197
292080.0,0.1428
292140.0,0.1467
292200.0,0.1452
292260.0,0.1333
292320.0,0.1728
292380.0,0.14800000000000002
292440.0,0.1303
292500.0,0.1488
292560.0,0.1378
292620.0,0.1657
292680.0,0.1547
292740.0,0.147
292800.0,0.1508
292860.0,0.1517
292920.0,0.1418
292980.0,0.1262
293040.0,0.1242
293100.0,0.1005
293160.0,0.12300000000000001
293220.0,0.126
293280.0,0.1415
293340.0,0.0947
293400.0,0.095
293460.0,0.1375
293520.0,0.133
293580.0,0.13
293640.0,0.127
293700.0,0.1263
293760.0,0.1463
293820.0,0.1322
293880.0,0.1205
293940.0,0.1417
294000.0,0.1345
294060.0,0.1548
294120.0,0.1507
294180.0,0.1323
294240.0,0.1168
294300.0,0.1025
294360.0,0.1557
294420.0,0.1308
294480.0,0.146
294540.0,0.1187
294600.0,0.1423
294660.0,0.1523
294720.0,0.1333
294780.0,0.1442
294840.0,0.1147
294900.0,0.1385
294960.0,0.142
295020.0,0.1282
295080.0,0.1528
295140.0,0.1317
295200.0,0.1217
295260.0,0.1498
295320.0,0.1303
295380.0,0.1177
295440.0,0.1087
295500.0,0.1335
295560.0,0.1595
295620.0,0.1478
295680.0,0.1065
295740.0,0.099
295800.0,0.1455
295860.0,0.1595
295920.0,0.1393
295980.0,0.1335
296040.0,0.1222
296100.0,0.1592
296160.0,0.1658
296220.0,0.1483
296280.0,0.14
296340.0,0.1335
296400.0,0.1473
296460.0,0.14
296520.0,0.1282
296580.0,0.0927
296640.0,0.1387
296700.0,0.1423
296760.0,0.0977
296820.0,0.1453
296880.0,0.1137
296940.0,0.1342
297000.0,0.1333
297060.0,0.1045
297120.0,0.1262
297180.0,0.1145
297240.0,0.1288
297300.0,0.1265
297360.0,0.1297
297420.0,0.1408
297480.0,0.1535
297540.0,0.0975
297600.0,0.1413
297660.0,0.138
297720.0,0.1112
297780.0,0.1297
297840.0,0.1302
297900.0,0.136
297960.0,0.1598
298020.0,0.1428
298080.0,0.1563
298140.0,0.1162
298200.0,0.1508
298260.0,0.1558
298320.0,0.1178
298380.0,0.1518
298440.0,0.1245
298500.0,0.1087
298560.0,0.0972
298620.0,0.1293
298680.0,0.1525
298740.0,0.1252
298800.0,0.1285
298860.0,0.1422
298920.0,0.1367
298980.0,0.0958
299040.0,0.1223
299100.0,0.1513
299160.0,0.1497
299220.0,0.163
299280.0,0.1147
299340.0,0.1343
299400.0,0.1467
299460.0,0.1507
299520.0,0.12
299580.0,0.1372
299640.0,0.133
299700.0,0.1365
299760.0,0.13699999999999998
299820.0,0.1367
299880.0,0.0977
299940.0,0.1407
300000.0,0.1188
300060.0,0.1535
300120.0,0.1425
300180.0,0.1337
300240.0,0.1243
300300.0,0.1235
300360.0,0.0987
300420.0,0.115
300480.0,0.1313
300540.0,0.1197
300600.0,0.1053
300660.0,0.1338
300720.0,0.1293
300780.0,0.1212
300840.0,0.12300000000000001
300900.0,0.1252
300960.0,0.1078
301020.0,0.1428
301080.0,0.1078
301140.0,0.1245
301200.0,0.1172
301260.0,0.1413
301320.0,0.14800000000000002
301380.0,0.1397
301440.0,0.107
301500.0,0.1385
301560.0,0.1452
301620.0,0.13
301680.0,0.1373
301740.0,0.1528
301800.0,0.1313
301860.0,0.1443
301920.0,0.1257
301980.0,0.1187
302040.0,0.1153
302100.0,0.1398
302160.0,0.1313
302220.0,0.1078
302280.0,0.0963
302340.0,0.0
302400.0,0.1308
302460.0,0.1258
302520.0,0.11800000000000001
302580.0,0.1263
302640.0,0.1198
302700.0,0.1535
302760.0,0.0912
302820.0,0.1127
302880.0,0.11599999999999999
302940.0,0.1227
303000.0,0.1433
303060.0,0.1252
303120.0,0.1408
303180.0,0.0993
303240.0,0.1155
303300.0,0.1145
303360.0,0.1072
303420.0,0.1075
303480.0,0.1125
303540.0,0.0918
303600.0,0.1365
303660.0,0.1288
303720.0,0.0923
303780.0,0.0842
303840.0,0.1237
303900.0,0.1227
303960.0,0.1027
304020.0,0.1057
304080.0,0.1102
304140.0,0.1067
304200.0,0.08
304260.0,0.1048
304320.0,0.0772
304380.0,0.1063
304440.0,0.113
304500.0,0.1138
304560.0,0.1107
304620.0,0.0745
304680.0,0.1003
304740.0,0.1008
304800.0,0.1133
304860.0,0.0928
304920.0,0.1023
304980.0,0.0997
305040.0,0.0948
305100.0,0.1048
305160.0,0.1017
305220.0,0.0977
305280.0,0.09
305340.0,0.0877
305400.0,0.0592
305460.0,0.0922
305520.0,0.0903
305580.0,0.084
305640.0,0.0952
305700.0,0.0817
305760.0,0.0848
305820.0,0.0943
305880.0,0.063
305940.0,0.111
306000.0,0.0978
306060.0,0.0905
306120.0,0.1015
306180.0,0.0873
306240.0,0.0952
306300.0,0.0877
306360.0,0.0855
306420.0,0.0915
306480.0,0.096
306540.0,0.0692
306600.0,0.0828
306660.0,0.0752
306720.0,0.0715
306780.0,0.0353
306840.0,0.0682
306900.0,0.066
306960.0,0.0675
307020.0,0.0648
307080.0,0.068
307140.0,0.0618
307200.0,0.0625
307260.0,0.0443
307320.0,0.0295
307380.0,0.0707
307440.0,0.0612
307500.0,0.0728
307560.0,0.0703
307620.0,0.0642
307680.0,0.0755
307740.0,0.0642
307800.0,0.073
307860.0,0.0718
307920.0,0.0453
307980.0,0.0682
308040.0,0.0598
308100.0,0.076
308160.0,0.0645
308220.0,0.06
308280.0,0.0682
308340.0,0.0652
308400.0,0.0745
308460.0,0.0663
308520.0,0.0317
308580.0,0.0642
308640.0,0.0647
308700.0,0.0707
308760.0,0.076
308820.0,0.0643
308880.0,0.0723
308940.0,0.079
309000.0,0.0343
309060.0,0.0745
309120.0,0.0705
309180.0,0.0847
309240.0,0.0697
309300.0,0.0693
309360.0,0.0645
309420.0,0.0635
309480.0,0.0653
309540.0,0.0642
309600.0,0.6755
309660.0,0.4305
309720.0,0.4095
309780.0,0.3927
309840.0,0.3753
309900.0,0.3895
309960.0,0.5562
310020.0,0.6512
310080.0,0.6192
310140.0,0.6338
310200.0,0.6667
310260.0,0.6417
310320.0,0.5897
310380.0,0.6398
310440.0,0.6852
310500.0,0.7415
310560.0,0.7288
310620.0,0.5908
310680.0,0.5903
310740.0,0.5228
310800.0,0.4402
310860.0,0.6225
310920.0,0.6352
310980.0,0.6327
311040.0,0.6368
311100.0,0.6332
311160.0,0.617
311220.0,0.6167
311280.0,0.6308
311340.0,0.755
311400.0,0.7733
311460.0,0.0828
311520.0,0.0658
311580.0,0.0665
311640.0,0.0273
311700.0,0.0345
311760.0,0.0653
311820.0,0.0648
311880.0,0.0677
311940.0,0.0585
312000.0,0.0638
312060.0,0.0637
312120.0,0.0655
312180.0,0.0628
312240.0,0.0402
312300.0,0.051
312360.0,0.0677
312420.0,0.0347
312480.0,0.0627
312540.0,0.065
312600.0,0.0655
312660.0,0.0653
312720.0,0.065
312780.0,0.0272
312840.0,0.0657
312900.0,0.0665
312960.0,0.0737
313020.0,0.061
313080.0,0.0593
313140.0,0.0315
313200.0,0.0365
313260.0,0.0698
313320.0,0.0657
313380.0,0.0318
313440.0,0.0643
313500.0,0.064
313560.0,0.0617
313620.0,0.0625
313680.0,0.0247
313740.0,0.0628
313800.0,0.064
313860.0,0.0622
313920.0,0.0667
313980.0,0.062
314040.0,0.0622
314100.0,0.0312
314160.0,0.0312
314220.0,0.0318
314280.0,0.0245
314340.0,0.067
314400.0,0.0688
314460.0,0.0548
314520.0,0.1147
314580.0,0.6462
314640.0,0.4697
314700.0,0.23199999999999998
314760.0,0.146
314820.0,0.0678
314880.0,0.0597
314940.0,0.0672
315000.0,0.0597
315060.0,0.08
315120.0,0.0862
315180.0,0.0585
315240.0,0.0668
315300.0,0.059000000000000004
315360.0,0.0713
315420.0,0.0713
315480.0,0.0703
315540.0,0.0605
315600.0,0.0697
315660.0,0.0665
315720.0,0.0742
315780.0,0.0448
315840.0,0.0413
315900.0,0.0677
315960.0,0.0757
316020.0,0.0665
316080.0,0.064
316140.0,0.0633
316200.0,0.0638
316260.0,0.0642
316320.0,0.0613
316380.0,0.057
316440.0,0.0648
316500.0,0.0325
316560.0,0.0627
316620.0,0.068
316680.0,0.0568
316740.0,0.0695
316800.0,0.0822
316860.0,0.0802
316920.0,0.0433
316980.0,0.0523
317040.0,0.08
317100.0,0.08800000000000001
317160.0,0.0893
317220.0,0.05
317280.0,0.0873
317340.0,0.08
317400.0,0.0903
317460.0,0.057
317520.0,0.0862
317580.0,0.10099999999999999
317640.0,0.040999999999999995
317700.0,0.0898
317760.0,0.0768
317820.0,0.0608
317880.0,0.0888
317940.0,0.0517
318000.0,0.0633
318060.0,0.051
318120.0,0.0893
318180.0,0.0553
318240.0,0.0747
318300.0,0.0448
318360.0,0.0695
318420.0,0.0835
318480.0,0.0873
318540.0,0.0672
318600.0,0.0587
318660.0,0.0515
318720.0,0.0995
318780.0,0.0845
318840.0,0.0728
318900.0,0.0825
318960.0,0.0535
319020.0,0.0602
319080.0,0.054000000000000006
319140.0,0.0865
319200.0,0.08900000000000001
319260.0,0.0995
319320.0,0.0908
319380.0,0.09
319440.0,0.0825
319500.0,0.0463
319560.0,0.0438
319620.0,0.0647
319680.0,0.0802
319740.0,0.0572
319800.0,0.0857
319860.0,0.0755
319920.0,0.085
319980.0,0.0635
320040.0,0.0575
320100.0,0.0493
320160.0,0.0408
320220.0,0.047
320280.0,0.0518
320340.0,0.0493
320400.0,0.0645
320460.0,0.0742
320520.0,0.0818
320580.0,0.0937
320640.0,0.0477
320700.0,0.0838
320760.0,0.0912
320820.0,0.0458
320880.0,0.0828
320940.0,0.0813
321000.0,0.0545
321060.0,0.0918
321120.0,0.0568
321180.0,0.0547
321240.0,0.0487
321300.0,0.0808
321360.0,0.0485
321420.0,0.0877
321480.0,0.094
321540.0,0.0933
321600.0,0.0725
321660.0,0.08199999999999999
321720.0,0.084
321780.0,0.0473
321840.0,0.0495
321900.0,0.0663
321960.0,0.0787
322020.0,0.0798
322080.0,0.0443
322140.0,0.0798
322200.0,0.0382
322260.0,0.08
322320.0,0.0722
322380.0,0.068
322440.0,0.0767
322500.0,0.0782
322560.0,0.0487
322620.0,0.039
322680.0,0.0812
322740.0,0.0773
322800.0,0.084
322860.0,0.0628
322920.0,0.0613
322980.0,0.0928
323040.0,0.0747
323100.0,0.0805
323160.0,0.08
323220.0,0.0748
323280.0,0.0893
323340.0,0.0555
323400.0,0.0525
323460.0,0.0785
323520.0,0.0642
323580.0,0.079
323640.0,0.0833
323700.0,0.0698
323760.0,0.0733
323820.0,0.0375
323880.0,0.0
323940.0,0.0968
324000.0,0.0748
324060.0,0.1152
324120.0,0.0817
324180.0,0.0612
324240.0,0.0398
324300.0,0.0868
324360.0,0.0495
324420.0,0.08
324480.0,0.107
324540.0,0.0818
324600.0,0.0815
324660.0,0.0777
324720.0,0.0752
324780.0,0.0773
324840.0,0.07400000000000001
324900.0,0.0788
324960.0,0.0912
325020.0,0.0893
325080.0,0.0842
325140.0,0.0483
325200.0,0.0685
325260.0,0.0818
325320.0,0.0748
325380.0,0.0798
325440.0,0.0475
325500.0,0.0763
325560.0,0.0855
325620.0,0.076
325680.0,0.0683
325740.0,0.0792
325800.0,0.0802
325860.0,0.0735
325920.0,0.0723
325980.0,0.0732
326040.0,0.0948
326100.0,0.0828
326160.0,0.0902
326220.0,0.0775
326280.0,0.0785
326340.0,0.0753
326400.0,0.0917
326460.0,0.0503
326520.0,0.0878
326580.0,0.0783
326640.0,0.0827
326700.0,0.0442
326760.0,0.0798
326820.0,0.095
326880.0,0.0898
326940.0,0.0525
327000.0,0.0587
327060.0,0.0668
327120.0,0.0777
327180.0,0.0743
327240.0,0.0532
327300.0,0.0748
327360.0,0.0835
327420.0,0.0742
327480.0,0.0772
327540.0,0.0817
327600.0,0.0425
327660.0,0.0767
327720.0,0.0755
327780.0,0.0775
327840.0,0.0785
327900.0,0.0732
327960.0,0.0978
328020.0,0.0655
328080.0,0.0772
328140.0,0.0883
328200.0,0.0687
328260.0,0.071
328320.0,0.0513
328380.0,0.0785
328440.0,0.0755
328500.0,0.1253
328560.0,0.1065
328620.0,0.0468
328680.0,0.086
328740.0,0.0872
328800.0,0.0798
328860.0,0.0892
328920.0,0.0452
328980.0,0.0802
329040.0,0.0763
329100.0,0.0755
329160.0,0.07
329220.0,0.0732
329280.0,0.0533
329340.0,0.0512
329400.0,0.083
329460.0,0.073
329520.0,0.0778
329580.0,0.0732
329640.0,0.039
329700.0,0.0803
329760.0,0.077
329820.0,0.0898
329880.0,0.0788
329940.0,0.0418
330000.0,0.0823
330060.0,0.0832
330120.0,0.0923
330180.0,0.0852
330240.0,0.0713
330300.0,0.0485
330360.0,0.0778
330420.0,0.0902
330480.0,0.0897
330540.0,0.0663
330600.0,0.0533
330660.0,0.0812
330720.0,0.0735
330780.0,0.0802
330840.0,0.055999999999999994
330900.0,0.0833
330960.0,0.0895
331020.0,0.083
331080.0,0.0462
331140.0,0.0917
331200.0,0.0937
331260.0,0.0937
331320.0,0.0885
331380.0,0.0767
331440.0,0.0453
331500.0,0.0832
331560.0,0.09
331620.0,0.0627
331680.0,0.0832
331740.0,0.0903
331800.0,0.0358
331860.0,0.0905
331920.0,0.078
331980.0,0.0848
332040.0,0.0875
332100.0,0.0685
332160.0,0.0778
332220.0,0.0545
332280.0,0.08800000000000001
332340.0,0.0912
332400.0,0.0865
332460.0,0.0962
332520.0,0.0475
332580.0,0.0817
332640.0,0.0702
332700.0,0.0777
332760.0,0.0605
332820.0,0.0387
332880.0,0.0725
332940.0,0.0718
333000.0,0.0763
333060.0,0.077
333120.0,0.0623
333180.0,0.0478
333240.0,0.0725
333300.0,0.0895
333360.0,0.0643
333420.0,0.1167
333480.0,0.0812
333540.0,0.08
333600.0,0.0795
333660.0,0.0483
333720.0,0.0802
333780.0,0.073
333840.0,0.0672
333900.0,0.0737
333960.0,0.0418
334020.0,0.0863
334080.0,0.0582
334140.0,0.0765
334200.0,0.0792
334260.0,0.07400000000000001
334320.0,0.0802
334380.0,0.049
334440.0,0.0795
334500.0,0.0758
334560.0,0.0682
334620.0,0.085
334680.0,0.046
334740.0,0.2535
334800.0,0.1315
334860.0,0.1335
334920.0,0.1368
334980.0,0.1118
335040.0,0.1188
335100.0,0.1468
335160.0,0.1342
335220.0,0.1188
335280.0,0.1377
335340.0,0.1382
335400.0,0.128
335460.0,0.147
335520.0,0.1065
335580.0,0.1432
335640.0,0.1105
335700.0,0.1397
335760.0,0.1613
335820.0,0.1457
335880.0,0.1528
335940.0,0.1735
336000.0,0.1212
336060.0,0.1575
336120.0,0.1233
336180.0,0.132
336240.0,0.158
336300.0,0.1767
336360.0,0.1475
336420.0,0.1193
336480.0,0.1282
336540.0,0.1282
336600.0,0.1277
336660.0,0.1182
336720.0,0.1483
336780.0,0.0938
336840.0,0.1393
336900.0,0.1383
336960.0,0.1237
337020.0,0.1358
337080.0,0.1307
337140.0,0.1143
337200.0,0.1237
337260.0,0.1535
337320.0,0.1437
337380.0,0.1355
337440.0,0.1102
337500.0,0.1435
337560.0,0.1477
337620.0,0.1377
337680.0,0.1512
337740.0,0.1547
337800.0,0.1293
337860.0,0.1317
337920.0,0.139
337980.0,0.1135
338040.0,0.1202
338100.0,0.1023
338160.0,0.138
338220.0,0.1802
338280.0,0.1398
338340.0,0.1713
338400.0,0.0898
338460.0,0.1203
338520.0,0.1303
338580.0,0.1153
338640.0,0.1365
338700.0,0.1307
338760.0,0.1672
338820.0,0.1937
338880.0,0.1232
338940.0,0.1577
339000.0,0.179
339060.0,0.134
339120.0,0.1163
339180.0,0.1437
339240.0,0.1425
339300.0,0.1395
339360.0,0.1325
339420.0,0.1757
339480.0,0.1375
339540.0,0.1768
339600.0,0.1438
339660.0,0.1452
339720.0,0.1193
339780.0,0.1382
339840.0,0.1568
339900.0,0.1233
339960.0,0.1493
340020.0,0.1477
340080.0,0.1372
340140.0,0.1235
340200.0,0.122
340260.0,0.1563
340320.0,0.1475
340380.0,0.142
340440.0,0.1492
340500.0,0.1317
340560.0,0.1317
340620.0,0.14300000000000002
340680.0,0.1727
340740.0,0.1538
340800.0,0.1547
340860.0,0.1443
340920.0,0.1263
340980.0,0.1345
341040.0,0.16
341100.0,0.1503
341160.0,0.1352
341220.0,0.1625
341280.0,0.1777
341340.0,0.1825
341400.0,0.1525
341460.0,0.1057
341520.0,0.139
341580.0,0.134
341640.0,0.1585
341700.0,0.13
341760.0,0.1687
341820.0,0.0983
341880.0,0.1365
341940.0,0.1388
342000.0,0.1187
342060.0,0.1218
342120.0,0.1235
342180.0,0.1417
342240.0,0.3062
342300.0,0.1158
342360.0,0.1343
342420.0,0.171
342480.0,0.1392
342540.0,0.1688
342600.0,0.1128
342660.0,0.1407
342720.0,0.1525
342780.0,0.1365
342840.0,0.1332
342900.0,0.127
342960.0,0.1263
343020.0,0.1528
343080.0,0.1437
343140.0,0.1233
343200.0,0.1445
343260.0,0.1363
343320.0,0.13699999999999998
343380.0,0.1378
343440.0,0.0957
343500.0,0.14
343560.0,0.125
343620.0,0.1412
343680.0,0.1235
343740.0,0.14
343800.0,0.1305
343860.0,0.1285
343920.0,0.11
343980.0,0.1212
344040.0,0.0987
344100.0,0.1583
344160.0,0.1292
344220.0,0.14
344280.0,0.1378
344340.0,0.13699999999999998
344400.0,0.11800000000000001
344460.0,0.1148
344520.0,0.1585
344580.0,0.1287
344640.0,0.1125
344700.0,0.1343
344760.0,0.11900000000000001
344820.0,0.146
344880.0,0.1502
344940.0,0.1353
345000.0,0.1467
345060.0,0.121
345120.0,0.1458
345180.0,0.0952
345240.0,0.1193
345300.0,0.1318
345360.0,0.1535
345420.0,0.129
345480.0,0.1292
345540.0,0.1163
